ISO-10303-21;
HEADER;
/* Generated by software containing ST-Developer
 * from STEP Tools, Inc. (www.steptools.com) 
 */
/* OPTION: using custom renumber hook */

FILE_DESCRIPTION(
/* description */ ('STEP AP242 Edition 2',
'CAx-IF Rec.Pracs.---Representation and Presentation of Product Manufa
cturing Information (PMI)---4.0---2014-10-13',
'CAx-IF Rec.Pracs.---3D Tessellated Geometry---0.4---2014-09-14','2;1',
'CAx-IF Rec.Pracs.---User Defined Attributes---1.5---2016-08-15'),
/* implementation_level */ '2;1');

FILE_NAME(
/* name */ 'Case - Part 1',
/* time_stamp */ '2026-10-02T22:41:00Z',
/* author */ (''),
/* organization */ (''),
/* preprocessor_version */ 'ST-DEVELOPER v20',
/* originating_system */ 'ONSHAPE BY PTC INC, 1.221',
/* authorisation */ '  ');

FILE_SCHEMA (('AP242_MANAGED_MODEL_BASED_3D_ENGINEERING_MIM_LF { 1 0 10303 442 3 1 4 }'));
ENDSEC;

DATA;
#10=SHAPE_REPRESENTATION_RELATIONSHIP('','',#1437,#11);
#11=ADVANCED_BREP_SHAPE_REPRESENTATION('',(#1435),#2475);
#12=B_SPLINE_SURFACE_WITH_KNOTS('',3,1,((#2034,#2035),(#2036,#2037),(#2038,
#2039),(#2040,#2041)),.SURF_OF_LINEAR_EXTRUSION.,.F.,.F.,.F.,(4,4),(2,2),
(0.,1.),(0.,1.),.PIECEWISE_BEZIER_KNOTS.);
#13=B_SPLINE_SURFACE_WITH_KNOTS('',3,1,((#2051,#2052),(#2053,#2054),(#2055,
#2056),(#2057,#2058)),.SURF_OF_LINEAR_EXTRUSION.,.F.,.F.,.F.,(4,4),(2,2),
(0.,1.),(0.,1.),.PIECEWISE_BEZIER_KNOTS.);
#14=B_SPLINE_SURFACE_WITH_KNOTS('',3,1,((#2068,#2069),(#2070,#2071),(#2072,
#2073),(#2074,#2075)),.SURF_OF_LINEAR_EXTRUSION.,.F.,.F.,.F.,(4,4),(2,2),
(0.,1.),(0.,1.),.PIECEWISE_BEZIER_KNOTS.);
#15=B_SPLINE_SURFACE_WITH_KNOTS('',3,1,((#2091,#2092),(#2093,#2094),(#2095,
#2096),(#2097,#2098)),.SURF_OF_LINEAR_EXTRUSION.,.F.,.F.,.F.,(4,4),(2,2),
(0.,1.),(0.,1.),.PIECEWISE_BEZIER_KNOTS.);
#16=B_SPLINE_SURFACE_WITH_KNOTS('',3,1,((#2108,#2109),(#2110,#2111),(#2112,
#2113),(#2114,#2115)),.SURF_OF_LINEAR_EXTRUSION.,.F.,.F.,.F.,(4,4),(2,2),
(0.,1.),(0.,1.),.PIECEWISE_BEZIER_KNOTS.);
#17=B_SPLINE_SURFACE_WITH_KNOTS('',3,1,((#2135,#2136),(#2137,#2138),(#2139,
#2140),(#2141,#2142)),.SURF_OF_LINEAR_EXTRUSION.,.F.,.F.,.F.,(4,4),(2,2),
(0.,1.),(0.,1.),.PIECEWISE_BEZIER_KNOTS.);
#18=B_SPLINE_SURFACE_WITH_KNOTS('',3,1,((#2148,#2149),(#2150,#2151),(#2152,
#2153),(#2154,#2155)),.SURF_OF_LINEAR_EXTRUSION.,.F.,.F.,.F.,(4,4),(2,2),
(0.,1.),(0.,1.),.PIECEWISE_BEZIER_KNOTS.);
#19=B_SPLINE_SURFACE_WITH_KNOTS('',3,1,((#2161,#2162),(#2163,#2164),(#2165,
#2166),(#2167,#2168)),.SURF_OF_LINEAR_EXTRUSION.,.F.,.F.,.F.,(4,4),(2,2),
(0.,1.),(0.,1.),.PIECEWISE_BEZIER_KNOTS.);
#20=B_SPLINE_SURFACE_WITH_KNOTS('',3,1,((#2178,#2179),(#2180,#2181),(#2182,
#2183),(#2184,#2185)),.SURF_OF_LINEAR_EXTRUSION.,.F.,.F.,.F.,(4,4),(2,2),
(0.,1.),(0.,1.),.PIECEWISE_BEZIER_KNOTS.);
#21=B_SPLINE_SURFACE_WITH_KNOTS('',3,1,((#2191,#2192),(#2193,#2194),(#2195,
#2196),(#2197,#2198)),.SURF_OF_LINEAR_EXTRUSION.,.F.,.F.,.F.,(4,4),(2,2),
(0.,1.),(0.,1.),.PIECEWISE_BEZIER_KNOTS.);
#22=B_SPLINE_SURFACE_WITH_KNOTS('',3,1,((#2204,#2205),(#2206,#2207),(#2208,
#2209),(#2210,#2211)),.SURF_OF_LINEAR_EXTRUSION.,.F.,.F.,.F.,(4,4),(2,2),
(0.,1.),(0.,1.),.PIECEWISE_BEZIER_KNOTS.);
#23=B_SPLINE_SURFACE_WITH_KNOTS('',3,1,((#2219,#2220),(#2221,#2222),(#2223,
#2224),(#2225,#2226)),.SURF_OF_LINEAR_EXTRUSION.,.F.,.F.,.F.,(4,4),(2,2),
(0.,1.),(0.,1.),.PIECEWISE_BEZIER_KNOTS.);
#24=B_SPLINE_SURFACE_WITH_KNOTS('',3,1,((#2272,#2273),(#2274,#2275),(#2276,
#2277),(#2278,#2279)),.SURF_OF_LINEAR_EXTRUSION.,.F.,.F.,.F.,(4,4),(2,2),
(0.,1.),(0.,1.),.PIECEWISE_BEZIER_KNOTS.);
#25=B_SPLINE_SURFACE_WITH_KNOTS('',3,1,((#2289,#2290),(#2291,#2292),(#2293,
#2294),(#2295,#2296)),.SURF_OF_LINEAR_EXTRUSION.,.F.,.F.,.F.,(4,4),(2,2),
(0.,1.),(0.,1.),.PIECEWISE_BEZIER_KNOTS.);
#26=B_SPLINE_SURFACE_WITH_KNOTS('',3,1,((#2306,#2307),(#2308,#2309),(#2310,
#2311),(#2312,#2313)),.SURF_OF_LINEAR_EXTRUSION.,.F.,.F.,.F.,(4,4),(2,2),
(0.,1.),(0.,1.),.PIECEWISE_BEZIER_KNOTS.);
#27=B_SPLINE_SURFACE_WITH_KNOTS('',3,1,((#2323,#2324),(#2325,#2326),(#2327,
#2328),(#2329,#2330)),.SURF_OF_LINEAR_EXTRUSION.,.F.,.F.,.F.,(4,4),(2,2),
(0.,1.),(0.,1.),.PIECEWISE_BEZIER_KNOTS.);
#28=B_SPLINE_SURFACE_WITH_KNOTS('',3,1,((#2340,#2341),(#2342,#2343),(#2344,
#2345),(#2346,#2347)),.SURF_OF_LINEAR_EXTRUSION.,.F.,.F.,.F.,(4,4),(2,2),
(0.,1.),(0.,1.),.PIECEWISE_BEZIER_KNOTS.);
#29=B_SPLINE_SURFACE_WITH_KNOTS('',3,1,((#2375,#2376),(#2377,#2378),(#2379,
#2380),(#2381,#2382)),.SURF_OF_LINEAR_EXTRUSION.,.F.,.F.,.F.,(4,4),(2,2),
(0.,1.),(0.,1.),.PIECEWISE_BEZIER_KNOTS.);
#30=B_SPLINE_SURFACE_WITH_KNOTS('',3,1,((#2388,#2389),(#2390,#2391),(#2392,
#2393),(#2394,#2395)),.SURF_OF_LINEAR_EXTRUSION.,.F.,.F.,.F.,(4,4),(2,2),
(0.,1.),(0.,1.),.PIECEWISE_BEZIER_KNOTS.);
#31=B_SPLINE_SURFACE_WITH_KNOTS('',3,1,((#2401,#2402),(#2403,#2404),(#2405,
#2406),(#2407,#2408)),.SURF_OF_LINEAR_EXTRUSION.,.F.,.F.,.F.,(4,4),(2,2),
(0.,1.),(0.,1.),.PIECEWISE_BEZIER_KNOTS.);
#32=B_SPLINE_SURFACE_WITH_KNOTS('',3,1,((#2414,#2415),(#2416,#2417),(#2418,
#2419),(#2420,#2421)),.SURF_OF_LINEAR_EXTRUSION.,.F.,.F.,.F.,(4,4),(2,2),
(0.,1.),(0.,1.),.PIECEWISE_BEZIER_KNOTS.);
#33=B_SPLINE_SURFACE_WITH_KNOTS('',3,1,((#2427,#2428),(#2429,#2430),(#2431,
#2432),(#2433,#2434)),.SURF_OF_LINEAR_EXTRUSION.,.F.,.F.,.F.,(4,4),(2,2),
(0.,1.),(0.,1.),.PIECEWISE_BEZIER_KNOTS.);
#34=B_SPLINE_SURFACE_WITH_KNOTS('',3,1,((#2440,#2441),(#2442,#2443),(#2444,
#2445),(#2446,#2447)),.SURF_OF_LINEAR_EXTRUSION.,.F.,.F.,.F.,(4,4),(2,2),
(0.,1.),(0.,1.),.PIECEWISE_BEZIER_KNOTS.);
#35=B_SPLINE_SURFACE_WITH_KNOTS('',3,1,((#2455,#2456),(#2457,#2458),(#2459,
#2460),(#2461,#2462)),.SURF_OF_LINEAR_EXTRUSION.,.F.,.F.,.F.,(4,4),(2,2),
(0.,1.),(0.,1.),.PIECEWISE_BEZIER_KNOTS.);
#36=SPHERICAL_SURFACE('',#1464,0.003);
#37=SPHERICAL_SURFACE('',#1471,0.003);
#38=SPHERICAL_SURFACE('',#1473,0.003);
#39=SPHERICAL_SURFACE('',#1479,0.003);
#40=CIRCLE('',#1446,0.003);
#41=CIRCLE('',#1447,0.003);
#42=CIRCLE('',#1449,0.003);
#43=CIRCLE('',#1450,0.003);
#44=CIRCLE('',#1452,0.003);
#45=CIRCLE('',#1453,0.003);
#46=CIRCLE('',#1455,0.003);
#47=CIRCLE('',#1456,0.003);
#48=CIRCLE('',#1465,0.003);
#49=CIRCLE('',#1466,0.003);
#50=CIRCLE('',#1468,0.003);
#51=CIRCLE('',#1470,0.003);
#52=CIRCLE('',#1472,0.003);
#53=CIRCLE('',#1474,0.003);
#54=CIRCLE('',#1476,0.003);
#55=CIRCLE('',#1478,0.003);
#56=CYLINDRICAL_SURFACE('',#1445,0.003);
#57=CYLINDRICAL_SURFACE('',#1448,0.003);
#58=CYLINDRICAL_SURFACE('',#1451,0.003);
#59=CYLINDRICAL_SURFACE('',#1454,0.003);
#60=CYLINDRICAL_SURFACE('',#1467,0.003);
#61=CYLINDRICAL_SURFACE('',#1469,0.003);
#62=CYLINDRICAL_SURFACE('',#1475,0.003);
#63=CYLINDRICAL_SURFACE('',#1477,0.003);
#64=B_SPLINE_CURVE_WITH_KNOTS('',2,(#1801,#1802,#1803),.UNSPECIFIED.,.F.,
 .F.,(3,3),(0.,1.),.PIECEWISE_BEZIER_KNOTS.);
#65=B_SPLINE_CURVE_WITH_KNOTS('',2,(#1805,#1806,#1807),.UNSPECIFIED.,.F.,
 .F.,(3,3),(0.,1.),.PIECEWISE_BEZIER_KNOTS.);
#66=B_SPLINE_CURVE_WITH_KNOTS('',2,(#1809,#1810,#1811),.UNSPECIFIED.,.F.,
 .F.,(3,3),(0.,1.),.PIECEWISE_BEZIER_KNOTS.);
#67=B_SPLINE_CURVE_WITH_KNOTS('',2,(#1813,#1814,#1815),.UNSPECIFIED.,.F.,
 .F.,(3,3),(0.,1.),.PIECEWISE_BEZIER_KNOTS.);
#68=B_SPLINE_CURVE_WITH_KNOTS('',2,(#1817,#1818,#1819),.UNSPECIFIED.,.F.,
 .F.,(3,3),(0.,1.),.PIECEWISE_BEZIER_KNOTS.);
#69=B_SPLINE_CURVE_WITH_KNOTS('',2,(#1821,#1822,#1823),.UNSPECIFIED.,.F.,
 .F.,(3,3),(0.,1.),.PIECEWISE_BEZIER_KNOTS.);
#70=B_SPLINE_CURVE_WITH_KNOTS('',2,(#1835,#1836,#1837),.UNSPECIFIED.,.F.,
 .F.,(3,3),(0.,1.),.PIECEWISE_BEZIER_KNOTS.);
#71=B_SPLINE_CURVE_WITH_KNOTS('',2,(#1839,#1840,#1841),.UNSPECIFIED.,.F.,
 .F.,(3,3),(0.,1.),.PIECEWISE_BEZIER_KNOTS.);
#72=B_SPLINE_CURVE_WITH_KNOTS('',2,(#1843,#1844,#1845),.UNSPECIFIED.,.F.,
 .F.,(3,3),(0.,1.),.PIECEWISE_BEZIER_KNOTS.);
#73=B_SPLINE_CURVE_WITH_KNOTS('',2,(#1849,#1850,#1851),.UNSPECIFIED.,.F.,
 .F.,(3,3),(0.,1.),.PIECEWISE_BEZIER_KNOTS.);
#74=B_SPLINE_CURVE_WITH_KNOTS('',2,(#1853,#1854,#1855),.UNSPECIFIED.,.F.,
 .F.,(3,3),(0.,1.),.PIECEWISE_BEZIER_KNOTS.);
#75=B_SPLINE_CURVE_WITH_KNOTS('',2,(#1857,#1858,#1859),.UNSPECIFIED.,.F.,
 .F.,(3,3),(0.,1.),.PIECEWISE_BEZIER_KNOTS.);
#76=B_SPLINE_CURVE_WITH_KNOTS('',2,(#2042,#2043,#2044),.UNSPECIFIED.,.F.,
 .F.,(3,3),(0.,1.),.PIECEWISE_BEZIER_KNOTS.);
#77=B_SPLINE_CURVE_WITH_KNOTS('',2,(#2048,#2049,#2050),.UNSPECIFIED.,.F.,
 .F.,(3,3),(0.,1.),.PIECEWISE_BEZIER_KNOTS.);
#78=B_SPLINE_CURVE_WITH_KNOTS('',2,(#2059,#2060,#2061),.UNSPECIFIED.,.F.,
 .F.,(3,3),(0.,1.),.PIECEWISE_BEZIER_KNOTS.);
#79=B_SPLINE_CURVE_WITH_KNOTS('',2,(#2065,#2066,#2067),.UNSPECIFIED.,.F.,
 .F.,(3,3),(0.,1.),.PIECEWISE_BEZIER_KNOTS.);
#80=B_SPLINE_CURVE_WITH_KNOTS('',2,(#2076,#2077,#2078),.UNSPECIFIED.,.F.,
 .F.,(3,3),(0.,1.),.PIECEWISE_BEZIER_KNOTS.);
#81=B_SPLINE_CURVE_WITH_KNOTS('',2,(#2082,#2083,#2084),.UNSPECIFIED.,.F.,
 .F.,(3,3),(0.,1.),.PIECEWISE_BEZIER_KNOTS.);
#82=B_SPLINE_CURVE_WITH_KNOTS('',2,(#2099,#2100,#2101),.UNSPECIFIED.,.F.,
 .F.,(3,3),(0.,1.),.PIECEWISE_BEZIER_KNOTS.);
#83=B_SPLINE_CURVE_WITH_KNOTS('',2,(#2105,#2106,#2107),.UNSPECIFIED.,.F.,
 .F.,(3,3),(0.,1.),.PIECEWISE_BEZIER_KNOTS.);
#84=B_SPLINE_CURVE_WITH_KNOTS('',2,(#2116,#2117,#2118),.UNSPECIFIED.,.F.,
 .F.,(3,3),(0.,1.),.PIECEWISE_BEZIER_KNOTS.);
#85=B_SPLINE_CURVE_WITH_KNOTS('',2,(#2122,#2123,#2124),.UNSPECIFIED.,.F.,
 .F.,(3,3),(0.,1.),.PIECEWISE_BEZIER_KNOTS.);
#86=B_SPLINE_CURVE_WITH_KNOTS('',2,(#2145,#2146,#2147),.UNSPECIFIED.,.F.,
 .F.,(3,3),(0.,1.),.PIECEWISE_BEZIER_KNOTS.);
#87=B_SPLINE_CURVE_WITH_KNOTS('',2,(#2158,#2159,#2160),.UNSPECIFIED.,.F.,
 .F.,(3,3),(0.,1.),.PIECEWISE_BEZIER_KNOTS.);
#88=B_SPLINE_CURVE_WITH_KNOTS('',2,(#2171,#2172,#2173),.UNSPECIFIED.,.F.,
 .F.,(3,3),(0.,1.),.PIECEWISE_BEZIER_KNOTS.);
#89=B_SPLINE_CURVE_WITH_KNOTS('',2,(#2188,#2189,#2190),.UNSPECIFIED.,.F.,
 .F.,(3,3),(0.,1.),.PIECEWISE_BEZIER_KNOTS.);
#90=B_SPLINE_CURVE_WITH_KNOTS('',2,(#2201,#2202,#2203),.UNSPECIFIED.,.F.,
 .F.,(3,3),(0.,1.),.PIECEWISE_BEZIER_KNOTS.);
#91=B_SPLINE_CURVE_WITH_KNOTS('',2,(#2214,#2215,#2216),.UNSPECIFIED.,.F.,
 .F.,(3,3),(0.,1.),.PIECEWISE_BEZIER_KNOTS.);
#92=B_SPLINE_CURVE_WITH_KNOTS('',2,(#2227,#2228,#2229),.UNSPECIFIED.,.F.,
 .F.,(3,3),(0.,1.),.PIECEWISE_BEZIER_KNOTS.);
#93=B_SPLINE_CURVE_WITH_KNOTS('',2,(#2230,#2231,#2232),.UNSPECIFIED.,.F.,
 .F.,(3,3),(0.,1.),.PIECEWISE_BEZIER_KNOTS.);
#94=B_SPLINE_CURVE_WITH_KNOTS('',2,(#2280,#2281,#2282),.UNSPECIFIED.,.F.,
 .F.,(3,3),(0.,1.),.PIECEWISE_BEZIER_KNOTS.);
#95=B_SPLINE_CURVE_WITH_KNOTS('',2,(#2286,#2287,#2288),.UNSPECIFIED.,.F.,
 .F.,(3,3),(0.,1.),.PIECEWISE_BEZIER_KNOTS.);
#96=B_SPLINE_CURVE_WITH_KNOTS('',2,(#2297,#2298,#2299),.UNSPECIFIED.,.F.,
 .F.,(3,3),(0.,1.),.PIECEWISE_BEZIER_KNOTS.);
#97=B_SPLINE_CURVE_WITH_KNOTS('',2,(#2303,#2304,#2305),.UNSPECIFIED.,.F.,
 .F.,(3,3),(0.,1.),.PIECEWISE_BEZIER_KNOTS.);
#98=B_SPLINE_CURVE_WITH_KNOTS('',2,(#2314,#2315,#2316),.UNSPECIFIED.,.F.,
 .F.,(3,3),(0.,1.),.PIECEWISE_BEZIER_KNOTS.);
#99=B_SPLINE_CURVE_WITH_KNOTS('',2,(#2320,#2321,#2322),.UNSPECIFIED.,.F.,
 .F.,(3,3),(0.,1.),.PIECEWISE_BEZIER_KNOTS.);
#100=B_SPLINE_CURVE_WITH_KNOTS('',2,(#2331,#2332,#2333),.UNSPECIFIED.,.F.,
 .F.,(3,3),(0.,1.),.PIECEWISE_BEZIER_KNOTS.);
#101=B_SPLINE_CURVE_WITH_KNOTS('',2,(#2337,#2338,#2339),.UNSPECIFIED.,.F.,
 .F.,(3,3),(0.,1.),.PIECEWISE_BEZIER_KNOTS.);
#102=B_SPLINE_CURVE_WITH_KNOTS('',2,(#2348,#2349,#2350),.UNSPECIFIED.,.F.,
 .F.,(3,3),(0.,1.),.PIECEWISE_BEZIER_KNOTS.);
#103=B_SPLINE_CURVE_WITH_KNOTS('',2,(#2354,#2355,#2356),.UNSPECIFIED.,.F.,
 .F.,(3,3),(0.,1.),.PIECEWISE_BEZIER_KNOTS.);
#104=B_SPLINE_CURVE_WITH_KNOTS('',2,(#2385,#2386,#2387),.UNSPECIFIED.,.F.,
 .F.,(3,3),(0.,1.),.PIECEWISE_BEZIER_KNOTS.);
#105=B_SPLINE_CURVE_WITH_KNOTS('',2,(#2398,#2399,#2400),.UNSPECIFIED.,.F.,
 .F.,(3,3),(0.,1.),.PIECEWISE_BEZIER_KNOTS.);
#106=B_SPLINE_CURVE_WITH_KNOTS('',2,(#2411,#2412,#2413),.UNSPECIFIED.,.F.,
 .F.,(3,3),(0.,1.),.PIECEWISE_BEZIER_KNOTS.);
#107=B_SPLINE_CURVE_WITH_KNOTS('',2,(#2424,#2425,#2426),.UNSPECIFIED.,.F.,
 .F.,(3,3),(0.,1.),.PIECEWISE_BEZIER_KNOTS.);
#108=B_SPLINE_CURVE_WITH_KNOTS('',2,(#2437,#2438,#2439),.UNSPECIFIED.,.F.,
 .F.,(3,3),(0.,1.),.PIECEWISE_BEZIER_KNOTS.);
#109=B_SPLINE_CURVE_WITH_KNOTS('',2,(#2450,#2451,#2452),.UNSPECIFIED.,.F.,
 .F.,(3,3),(0.,1.),.PIECEWISE_BEZIER_KNOTS.);
#110=B_SPLINE_CURVE_WITH_KNOTS('',2,(#2463,#2464,#2465),.UNSPECIFIED.,.F.,
 .F.,(3,3),(0.,1.),.PIECEWISE_BEZIER_KNOTS.);
#111=B_SPLINE_CURVE_WITH_KNOTS('',2,(#2466,#2467,#2468),.UNSPECIFIED.,.F.,
 .F.,(3,3),(0.,1.),.PIECEWISE_BEZIER_KNOTS.);
#112=ORIENTED_EDGE('',*,*,#520,.T.);
#113=ORIENTED_EDGE('',*,*,#521,.T.);
#114=ORIENTED_EDGE('',*,*,#522,.T.);
#115=ORIENTED_EDGE('',*,*,#523,.T.);
#116=ORIENTED_EDGE('',*,*,#524,.T.);
#117=ORIENTED_EDGE('',*,*,#525,.T.);
#118=ORIENTED_EDGE('',*,*,#526,.T.);
#119=ORIENTED_EDGE('',*,*,#527,.T.);
#120=ORIENTED_EDGE('',*,*,#528,.T.);
#121=ORIENTED_EDGE('',*,*,#529,.T.);
#122=ORIENTED_EDGE('',*,*,#530,.T.);
#123=ORIENTED_EDGE('',*,*,#531,.T.);
#124=ORIENTED_EDGE('',*,*,#532,.T.);
#125=ORIENTED_EDGE('',*,*,#533,.T.);
#126=ORIENTED_EDGE('',*,*,#534,.T.);
#127=ORIENTED_EDGE('',*,*,#535,.T.);
#128=ORIENTED_EDGE('',*,*,#536,.T.);
#129=ORIENTED_EDGE('',*,*,#537,.T.);
#130=ORIENTED_EDGE('',*,*,#538,.T.);
#131=ORIENTED_EDGE('',*,*,#539,.T.);
#132=ORIENTED_EDGE('',*,*,#540,.T.);
#133=ORIENTED_EDGE('',*,*,#541,.T.);
#134=ORIENTED_EDGE('',*,*,#542,.T.);
#135=ORIENTED_EDGE('',*,*,#543,.T.);
#136=ORIENTED_EDGE('',*,*,#544,.T.);
#137=ORIENTED_EDGE('',*,*,#545,.F.);
#138=ORIENTED_EDGE('',*,*,#546,.T.);
#139=ORIENTED_EDGE('',*,*,#547,.T.);
#140=ORIENTED_EDGE('',*,*,#548,.T.);
#141=ORIENTED_EDGE('',*,*,#549,.F.);
#142=ORIENTED_EDGE('',*,*,#550,.T.);
#143=ORIENTED_EDGE('',*,*,#551,.F.);
#144=ORIENTED_EDGE('',*,*,#552,.F.);
#145=ORIENTED_EDGE('',*,*,#553,.F.);
#146=ORIENTED_EDGE('',*,*,#554,.T.);
#147=ORIENTED_EDGE('',*,*,#555,.T.);
#148=ORIENTED_EDGE('',*,*,#556,.T.);
#149=ORIENTED_EDGE('',*,*,#557,.T.);
#150=ORIENTED_EDGE('',*,*,#558,.T.);
#151=ORIENTED_EDGE('',*,*,#559,.T.);
#152=ORIENTED_EDGE('',*,*,#560,.T.);
#153=ORIENTED_EDGE('',*,*,#561,.F.);
#154=ORIENTED_EDGE('',*,*,#562,.T.);
#155=ORIENTED_EDGE('',*,*,#563,.T.);
#156=ORIENTED_EDGE('',*,*,#564,.T.);
#157=ORIENTED_EDGE('',*,*,#565,.F.);
#158=ORIENTED_EDGE('',*,*,#566,.T.);
#159=ORIENTED_EDGE('',*,*,#567,.F.);
#160=ORIENTED_EDGE('',*,*,#568,.F.);
#161=ORIENTED_EDGE('',*,*,#550,.F.);
#162=ORIENTED_EDGE('',*,*,#569,.T.);
#163=ORIENTED_EDGE('',*,*,#570,.T.);
#164=ORIENTED_EDGE('',*,*,#571,.T.);
#165=ORIENTED_EDGE('',*,*,#572,.F.);
#166=ORIENTED_EDGE('',*,*,#573,.T.);
#167=ORIENTED_EDGE('',*,*,#553,.T.);
#168=ORIENTED_EDGE('',*,*,#574,.F.);
#169=ORIENTED_EDGE('',*,*,#546,.F.);
#170=ORIENTED_EDGE('',*,*,#575,.T.);
#171=ORIENTED_EDGE('',*,*,#564,.F.);
#172=ORIENTED_EDGE('',*,*,#576,.F.);
#173=ORIENTED_EDGE('',*,*,#562,.F.);
#174=ORIENTED_EDGE('',*,*,#577,.T.);
#175=ORIENTED_EDGE('',*,*,#557,.F.);
#176=ORIENTED_EDGE('',*,*,#578,.F.);
#177=ORIENTED_EDGE('',*,*,#579,.F.);
#178=ORIENTED_EDGE('',*,*,#580,.T.);
#179=ORIENTED_EDGE('',*,*,#548,.F.);
#180=ORIENTED_EDGE('',*,*,#581,.F.);
#181=ORIENTED_EDGE('',*,*,#559,.F.);
#182=ORIENTED_EDGE('',*,*,#582,.T.);
#183=ORIENTED_EDGE('',*,*,#583,.T.);
#184=ORIENTED_EDGE('',*,*,#584,.T.);
#185=ORIENTED_EDGE('',*,*,#583,.F.);
#186=ORIENTED_EDGE('',*,*,#585,.T.);
#187=ORIENTED_EDGE('',*,*,#586,.T.);
#188=ORIENTED_EDGE('',*,*,#587,.T.);
#189=ORIENTED_EDGE('',*,*,#588,.F.);
#190=ORIENTED_EDGE('',*,*,#589,.T.);
#191=ORIENTED_EDGE('',*,*,#579,.T.);
#192=ORIENTED_EDGE('',*,*,#590,.F.);
#193=ORIENTED_EDGE('',*,*,#591,.F.);
#194=ORIENTED_EDGE('',*,*,#552,.T.);
#195=ORIENTED_EDGE('',*,*,#592,.T.);
#196=ORIENTED_EDGE('',*,*,#555,.F.);
#197=ORIENTED_EDGE('',*,*,#593,.F.);
#198=ORIENTED_EDGE('',*,*,#594,.T.);
#199=ORIENTED_EDGE('',*,*,#595,.F.);
#200=ORIENTED_EDGE('',*,*,#596,.F.);
#201=ORIENTED_EDGE('',*,*,#592,.F.);
#202=ORIENTED_EDGE('',*,*,#551,.T.);
#203=ORIENTED_EDGE('',*,*,#574,.T.);
#204=ORIENTED_EDGE('',*,*,#556,.F.);
#205=ORIENTED_EDGE('',*,*,#597,.T.);
#206=ORIENTED_EDGE('',*,*,#598,.T.);
#207=ORIENTED_EDGE('',*,*,#599,.T.);
#208=ORIENTED_EDGE('',*,*,#600,.T.);
#209=ORIENTED_EDGE('',*,*,#568,.T.);
#210=ORIENTED_EDGE('',*,*,#601,.F.);
#211=ORIENTED_EDGE('',*,*,#570,.F.);
#212=ORIENTED_EDGE('',*,*,#602,.T.);
#213=ORIENTED_EDGE('',*,*,#567,.T.);
#214=ORIENTED_EDGE('',*,*,#603,.F.);
#215=ORIENTED_EDGE('',*,*,#571,.F.);
#216=ORIENTED_EDGE('',*,*,#601,.T.);
#217=ORIENTED_EDGE('',*,*,#566,.F.);
#218=ORIENTED_EDGE('',*,*,#604,.F.);
#219=ORIENTED_EDGE('',*,*,#572,.T.);
#220=ORIENTED_EDGE('',*,*,#603,.T.);
#221=ORIENTED_EDGE('',*,*,#605,.F.);
#222=ORIENTED_EDGE('',*,*,#576,.T.);
#223=ORIENTED_EDGE('',*,*,#606,.F.);
#224=ORIENTED_EDGE('',*,*,#606,.T.);
#225=ORIENTED_EDGE('',*,*,#563,.F.);
#226=ORIENTED_EDGE('',*,*,#607,.F.);
#227=ORIENTED_EDGE('',*,*,#599,.F.);
#228=ORIENTED_EDGE('',*,*,#605,.T.);
#229=ORIENTED_EDGE('',*,*,#598,.F.);
#230=ORIENTED_EDGE('',*,*,#608,.F.);
#231=ORIENTED_EDGE('',*,*,#547,.F.);
#232=ORIENTED_EDGE('',*,*,#607,.T.);
#233=ORIENTED_EDGE('',*,*,#578,.T.);
#234=ORIENTED_EDGE('',*,*,#609,.F.);
#235=ORIENTED_EDGE('',*,*,#581,.T.);
#236=ORIENTED_EDGE('',*,*,#608,.T.);
#237=ORIENTED_EDGE('',*,*,#610,.F.);
#238=ORIENTED_EDGE('',*,*,#609,.T.);
#239=ORIENTED_EDGE('',*,*,#560,.F.);
#240=ORIENTED_EDGE('',*,*,#611,.F.);
#241=ORIENTED_EDGE('',*,*,#600,.F.);
#242=ORIENTED_EDGE('',*,*,#610,.T.);
#243=ORIENTED_EDGE('',*,*,#597,.F.);
#244=ORIENTED_EDGE('',*,*,#612,.F.);
#245=ORIENTED_EDGE('',*,*,#590,.T.);
#246=ORIENTED_EDGE('',*,*,#612,.T.);
#247=ORIENTED_EDGE('',*,*,#611,.T.);
#248=ORIENTED_EDGE('',*,*,#584,.F.);
#249=ORIENTED_EDGE('',*,*,#596,.T.);
#250=ORIENTED_EDGE('',*,*,#613,.F.);
#251=ORIENTED_EDGE('',*,*,#586,.F.);
#252=ORIENTED_EDGE('',*,*,#614,.T.);
#253=ORIENTED_EDGE('',*,*,#595,.T.);
#254=ORIENTED_EDGE('',*,*,#615,.F.);
#255=ORIENTED_EDGE('',*,*,#587,.F.);
#256=ORIENTED_EDGE('',*,*,#613,.T.);
#257=ORIENTED_EDGE('',*,*,#594,.F.);
#258=ORIENTED_EDGE('',*,*,#616,.F.);
#259=ORIENTED_EDGE('',*,*,#588,.T.);
#260=ORIENTED_EDGE('',*,*,#615,.T.);
#261=ORIENTED_EDGE('',*,*,#617,.F.);
#262=ORIENTED_EDGE('',*,*,#618,.F.);
#263=ORIENTED_EDGE('',*,*,#619,.T.);
#264=ORIENTED_EDGE('',*,*,#620,.T.);
#265=ORIENTED_EDGE('',*,*,#621,.F.);
#266=ORIENTED_EDGE('',*,*,#622,.F.);
#267=ORIENTED_EDGE('',*,*,#623,.T.);
#268=ORIENTED_EDGE('',*,*,#618,.T.);
#269=ORIENTED_EDGE('',*,*,#624,.F.);
#270=ORIENTED_EDGE('',*,*,#625,.F.);
#271=ORIENTED_EDGE('',*,*,#626,.T.);
#272=ORIENTED_EDGE('',*,*,#622,.T.);
#273=ORIENTED_EDGE('',*,*,#627,.F.);
#274=ORIENTED_EDGE('',*,*,#628,.F.);
#275=ORIENTED_EDGE('',*,*,#629,.T.);
#276=ORIENTED_EDGE('',*,*,#625,.T.);
#277=ORIENTED_EDGE('',*,*,#630,.F.);
#278=ORIENTED_EDGE('',*,*,#631,.F.);
#279=ORIENTED_EDGE('',*,*,#632,.T.);
#280=ORIENTED_EDGE('',*,*,#628,.T.);
#281=ORIENTED_EDGE('',*,*,#633,.F.);
#282=ORIENTED_EDGE('',*,*,#634,.F.);
#283=ORIENTED_EDGE('',*,*,#635,.T.);
#284=ORIENTED_EDGE('',*,*,#631,.T.);
#285=ORIENTED_EDGE('',*,*,#636,.F.);
#286=ORIENTED_EDGE('',*,*,#637,.F.);
#287=ORIENTED_EDGE('',*,*,#638,.T.);
#288=ORIENTED_EDGE('',*,*,#634,.T.);
#289=ORIENTED_EDGE('',*,*,#639,.F.);
#290=ORIENTED_EDGE('',*,*,#640,.F.);
#291=ORIENTED_EDGE('',*,*,#641,.T.);
#292=ORIENTED_EDGE('',*,*,#637,.T.);
#293=ORIENTED_EDGE('',*,*,#642,.F.);
#294=ORIENTED_EDGE('',*,*,#643,.F.);
#295=ORIENTED_EDGE('',*,*,#644,.T.);
#296=ORIENTED_EDGE('',*,*,#640,.T.);
#297=ORIENTED_EDGE('',*,*,#531,.F.);
#298=ORIENTED_EDGE('',*,*,#645,.F.);
#299=ORIENTED_EDGE('',*,*,#646,.T.);
#300=ORIENTED_EDGE('',*,*,#647,.T.);
#301=ORIENTED_EDGE('',*,*,#540,.F.);
#302=ORIENTED_EDGE('',*,*,#648,.F.);
#303=ORIENTED_EDGE('',*,*,#649,.T.);
#304=ORIENTED_EDGE('',*,*,#645,.T.);
#305=ORIENTED_EDGE('',*,*,#539,.F.);
#306=ORIENTED_EDGE('',*,*,#650,.F.);
#307=ORIENTED_EDGE('',*,*,#651,.T.);
#308=ORIENTED_EDGE('',*,*,#648,.T.);
#309=ORIENTED_EDGE('',*,*,#538,.F.);
#310=ORIENTED_EDGE('',*,*,#652,.F.);
#311=ORIENTED_EDGE('',*,*,#653,.T.);
#312=ORIENTED_EDGE('',*,*,#650,.T.);
#313=ORIENTED_EDGE('',*,*,#537,.F.);
#314=ORIENTED_EDGE('',*,*,#654,.F.);
#315=ORIENTED_EDGE('',*,*,#655,.T.);
#316=ORIENTED_EDGE('',*,*,#652,.T.);
#317=ORIENTED_EDGE('',*,*,#536,.F.);
#318=ORIENTED_EDGE('',*,*,#656,.F.);
#319=ORIENTED_EDGE('',*,*,#657,.T.);
#320=ORIENTED_EDGE('',*,*,#654,.T.);
#321=ORIENTED_EDGE('',*,*,#535,.F.);
#322=ORIENTED_EDGE('',*,*,#658,.F.);
#323=ORIENTED_EDGE('',*,*,#659,.T.);
#324=ORIENTED_EDGE('',*,*,#656,.T.);
#325=ORIENTED_EDGE('',*,*,#534,.F.);
#326=ORIENTED_EDGE('',*,*,#660,.F.);
#327=ORIENTED_EDGE('',*,*,#661,.T.);
#328=ORIENTED_EDGE('',*,*,#658,.T.);
#329=ORIENTED_EDGE('',*,*,#533,.F.);
#330=ORIENTED_EDGE('',*,*,#662,.F.);
#331=ORIENTED_EDGE('',*,*,#663,.T.);
#332=ORIENTED_EDGE('',*,*,#660,.T.);
#333=ORIENTED_EDGE('',*,*,#532,.F.);
#334=ORIENTED_EDGE('',*,*,#647,.F.);
#335=ORIENTED_EDGE('',*,*,#664,.T.);
#336=ORIENTED_EDGE('',*,*,#662,.T.);
#337=ORIENTED_EDGE('',*,*,#665,.F.);
#338=ORIENTED_EDGE('',*,*,#620,.F.);
#339=ORIENTED_EDGE('',*,*,#666,.T.);
#340=ORIENTED_EDGE('',*,*,#643,.T.);
#341=ORIENTED_EDGE('',*,*,#646,.F.);
#342=ORIENTED_EDGE('',*,*,#649,.F.);
#343=ORIENTED_EDGE('',*,*,#651,.F.);
#344=ORIENTED_EDGE('',*,*,#653,.F.);
#345=ORIENTED_EDGE('',*,*,#655,.F.);
#346=ORIENTED_EDGE('',*,*,#657,.F.);
#347=ORIENTED_EDGE('',*,*,#659,.F.);
#348=ORIENTED_EDGE('',*,*,#661,.F.);
#349=ORIENTED_EDGE('',*,*,#663,.F.);
#350=ORIENTED_EDGE('',*,*,#664,.F.);
#351=ORIENTED_EDGE('',*,*,#619,.F.);
#352=ORIENTED_EDGE('',*,*,#623,.F.);
#353=ORIENTED_EDGE('',*,*,#626,.F.);
#354=ORIENTED_EDGE('',*,*,#629,.F.);
#355=ORIENTED_EDGE('',*,*,#632,.F.);
#356=ORIENTED_EDGE('',*,*,#635,.F.);
#357=ORIENTED_EDGE('',*,*,#638,.F.);
#358=ORIENTED_EDGE('',*,*,#641,.F.);
#359=ORIENTED_EDGE('',*,*,#644,.F.);
#360=ORIENTED_EDGE('',*,*,#666,.F.);
#361=ORIENTED_EDGE('',*,*,#541,.F.);
#362=ORIENTED_EDGE('',*,*,#667,.F.);
#363=ORIENTED_EDGE('',*,*,#668,.T.);
#364=ORIENTED_EDGE('',*,*,#669,.T.);
#365=ORIENTED_EDGE('',*,*,#544,.F.);
#366=ORIENTED_EDGE('',*,*,#670,.F.);
#367=ORIENTED_EDGE('',*,*,#671,.T.);
#368=ORIENTED_EDGE('',*,*,#667,.T.);
#369=ORIENTED_EDGE('',*,*,#543,.F.);
#370=ORIENTED_EDGE('',*,*,#672,.F.);
#371=ORIENTED_EDGE('',*,*,#673,.T.);
#372=ORIENTED_EDGE('',*,*,#670,.T.);
#373=ORIENTED_EDGE('',*,*,#542,.F.);
#374=ORIENTED_EDGE('',*,*,#669,.F.);
#375=ORIENTED_EDGE('',*,*,#674,.T.);
#376=ORIENTED_EDGE('',*,*,#672,.T.);
#377=ORIENTED_EDGE('',*,*,#668,.F.);
#378=ORIENTED_EDGE('',*,*,#671,.F.);
#379=ORIENTED_EDGE('',*,*,#673,.F.);
#380=ORIENTED_EDGE('',*,*,#674,.F.);
#381=ORIENTED_EDGE('',*,*,#675,.F.);
#382=ORIENTED_EDGE('',*,*,#676,.F.);
#383=ORIENTED_EDGE('',*,*,#677,.T.);
#384=ORIENTED_EDGE('',*,*,#678,.T.);
#385=ORIENTED_EDGE('',*,*,#679,.F.);
#386=ORIENTED_EDGE('',*,*,#680,.F.);
#387=ORIENTED_EDGE('',*,*,#681,.T.);
#388=ORIENTED_EDGE('',*,*,#676,.T.);
#389=ORIENTED_EDGE('',*,*,#682,.F.);
#390=ORIENTED_EDGE('',*,*,#683,.F.);
#391=ORIENTED_EDGE('',*,*,#684,.T.);
#392=ORIENTED_EDGE('',*,*,#680,.T.);
#393=ORIENTED_EDGE('',*,*,#685,.F.);
#394=ORIENTED_EDGE('',*,*,#686,.F.);
#395=ORIENTED_EDGE('',*,*,#687,.T.);
#396=ORIENTED_EDGE('',*,*,#683,.T.);
#397=ORIENTED_EDGE('',*,*,#688,.F.);
#398=ORIENTED_EDGE('',*,*,#689,.F.);
#399=ORIENTED_EDGE('',*,*,#690,.T.);
#400=ORIENTED_EDGE('',*,*,#686,.T.);
#401=ORIENTED_EDGE('',*,*,#691,.F.);
#402=ORIENTED_EDGE('',*,*,#692,.F.);
#403=ORIENTED_EDGE('',*,*,#693,.T.);
#404=ORIENTED_EDGE('',*,*,#689,.T.);
#405=ORIENTED_EDGE('',*,*,#694,.F.);
#406=ORIENTED_EDGE('',*,*,#695,.F.);
#407=ORIENTED_EDGE('',*,*,#696,.T.);
#408=ORIENTED_EDGE('',*,*,#692,.T.);
#409=ORIENTED_EDGE('',*,*,#697,.F.);
#410=ORIENTED_EDGE('',*,*,#698,.F.);
#411=ORIENTED_EDGE('',*,*,#699,.T.);
#412=ORIENTED_EDGE('',*,*,#695,.T.);
#413=ORIENTED_EDGE('',*,*,#520,.F.);
#414=ORIENTED_EDGE('',*,*,#700,.F.);
#415=ORIENTED_EDGE('',*,*,#701,.T.);
#416=ORIENTED_EDGE('',*,*,#702,.T.);
#417=ORIENTED_EDGE('',*,*,#530,.F.);
#418=ORIENTED_EDGE('',*,*,#703,.F.);
#419=ORIENTED_EDGE('',*,*,#704,.T.);
#420=ORIENTED_EDGE('',*,*,#700,.T.);
#421=ORIENTED_EDGE('',*,*,#529,.F.);
#422=ORIENTED_EDGE('',*,*,#705,.F.);
#423=ORIENTED_EDGE('',*,*,#706,.T.);
#424=ORIENTED_EDGE('',*,*,#703,.T.);
#425=ORIENTED_EDGE('',*,*,#528,.F.);
#426=ORIENTED_EDGE('',*,*,#707,.F.);
#427=ORIENTED_EDGE('',*,*,#708,.T.);
#428=ORIENTED_EDGE('',*,*,#705,.T.);
#429=ORIENTED_EDGE('',*,*,#527,.F.);
#430=ORIENTED_EDGE('',*,*,#709,.F.);
#431=ORIENTED_EDGE('',*,*,#710,.T.);
#432=ORIENTED_EDGE('',*,*,#707,.T.);
#433=ORIENTED_EDGE('',*,*,#526,.F.);
#434=ORIENTED_EDGE('',*,*,#711,.F.);
#435=ORIENTED_EDGE('',*,*,#712,.T.);
#436=ORIENTED_EDGE('',*,*,#709,.T.);
#437=ORIENTED_EDGE('',*,*,#525,.F.);
#438=ORIENTED_EDGE('',*,*,#713,.F.);
#439=ORIENTED_EDGE('',*,*,#714,.T.);
#440=ORIENTED_EDGE('',*,*,#711,.T.);
#441=ORIENTED_EDGE('',*,*,#524,.F.);
#442=ORIENTED_EDGE('',*,*,#715,.F.);
#443=ORIENTED_EDGE('',*,*,#716,.T.);
#444=ORIENTED_EDGE('',*,*,#713,.T.);
#445=ORIENTED_EDGE('',*,*,#523,.F.);
#446=ORIENTED_EDGE('',*,*,#717,.F.);
#447=ORIENTED_EDGE('',*,*,#718,.T.);
#448=ORIENTED_EDGE('',*,*,#715,.T.);
#449=ORIENTED_EDGE('',*,*,#522,.F.);
#450=ORIENTED_EDGE('',*,*,#719,.F.);
#451=ORIENTED_EDGE('',*,*,#720,.T.);
#452=ORIENTED_EDGE('',*,*,#717,.T.);
#453=ORIENTED_EDGE('',*,*,#521,.F.);
#454=ORIENTED_EDGE('',*,*,#702,.F.);
#455=ORIENTED_EDGE('',*,*,#721,.T.);
#456=ORIENTED_EDGE('',*,*,#719,.T.);
#457=ORIENTED_EDGE('',*,*,#722,.F.);
#458=ORIENTED_EDGE('',*,*,#678,.F.);
#459=ORIENTED_EDGE('',*,*,#723,.T.);
#460=ORIENTED_EDGE('',*,*,#698,.T.);
#461=ORIENTED_EDGE('',*,*,#701,.F.);
#462=ORIENTED_EDGE('',*,*,#704,.F.);
#463=ORIENTED_EDGE('',*,*,#706,.F.);
#464=ORIENTED_EDGE('',*,*,#708,.F.);
#465=ORIENTED_EDGE('',*,*,#710,.F.);
#466=ORIENTED_EDGE('',*,*,#712,.F.);
#467=ORIENTED_EDGE('',*,*,#714,.F.);
#468=ORIENTED_EDGE('',*,*,#716,.F.);
#469=ORIENTED_EDGE('',*,*,#718,.F.);
#470=ORIENTED_EDGE('',*,*,#720,.F.);
#471=ORIENTED_EDGE('',*,*,#721,.F.);
#472=ORIENTED_EDGE('',*,*,#677,.F.);
#473=ORIENTED_EDGE('',*,*,#681,.F.);
#474=ORIENTED_EDGE('',*,*,#684,.F.);
#475=ORIENTED_EDGE('',*,*,#687,.F.);
#476=ORIENTED_EDGE('',*,*,#690,.F.);
#477=ORIENTED_EDGE('',*,*,#693,.F.);
#478=ORIENTED_EDGE('',*,*,#696,.F.);
#479=ORIENTED_EDGE('',*,*,#699,.F.);
#480=ORIENTED_EDGE('',*,*,#723,.F.);
#481=ORIENTED_EDGE('',*,*,#617,.T.);
#482=ORIENTED_EDGE('',*,*,#665,.T.);
#483=ORIENTED_EDGE('',*,*,#642,.T.);
#484=ORIENTED_EDGE('',*,*,#639,.T.);
#485=ORIENTED_EDGE('',*,*,#636,.T.);
#486=ORIENTED_EDGE('',*,*,#633,.T.);
#487=ORIENTED_EDGE('',*,*,#630,.T.);
#488=ORIENTED_EDGE('',*,*,#627,.T.);
#489=ORIENTED_EDGE('',*,*,#624,.T.);
#490=ORIENTED_EDGE('',*,*,#621,.T.);
#491=ORIENTED_EDGE('',*,*,#675,.T.);
#492=ORIENTED_EDGE('',*,*,#722,.T.);
#493=ORIENTED_EDGE('',*,*,#697,.T.);
#494=ORIENTED_EDGE('',*,*,#694,.T.);
#495=ORIENTED_EDGE('',*,*,#691,.T.);
#496=ORIENTED_EDGE('',*,*,#688,.T.);
#497=ORIENTED_EDGE('',*,*,#685,.T.);
#498=ORIENTED_EDGE('',*,*,#682,.T.);
#499=ORIENTED_EDGE('',*,*,#679,.T.);
#500=ORIENTED_EDGE('',*,*,#616,.T.);
#501=ORIENTED_EDGE('',*,*,#593,.T.);
#502=ORIENTED_EDGE('',*,*,#554,.F.);
#503=ORIENTED_EDGE('',*,*,#573,.F.);
#504=ORIENTED_EDGE('',*,*,#604,.T.);
#505=ORIENTED_EDGE('',*,*,#565,.T.);
#506=ORIENTED_EDGE('',*,*,#575,.F.);
#507=ORIENTED_EDGE('',*,*,#545,.T.);
#508=ORIENTED_EDGE('',*,*,#580,.F.);
#509=ORIENTED_EDGE('',*,*,#589,.F.);
#510=ORIENTED_EDGE('',*,*,#614,.F.);
#511=ORIENTED_EDGE('',*,*,#585,.F.);
#512=ORIENTED_EDGE('',*,*,#582,.F.);
#513=ORIENTED_EDGE('',*,*,#558,.F.);
#514=ORIENTED_EDGE('',*,*,#577,.F.);
#515=ORIENTED_EDGE('',*,*,#561,.T.);
#516=ORIENTED_EDGE('',*,*,#602,.F.);
#517=ORIENTED_EDGE('',*,*,#569,.F.);
#518=ORIENTED_EDGE('',*,*,#549,.T.);
#519=ORIENTED_EDGE('',*,*,#591,.T.);
#520=EDGE_CURVE('',#724,#725,#856,.T.);
#521=EDGE_CURVE('',#725,#726,#857,.T.);
#522=EDGE_CURVE('',#726,#727,#64,.T.);
#523=EDGE_CURVE('',#727,#728,#65,.T.);
#524=EDGE_CURVE('',#728,#729,#66,.T.);
#525=EDGE_CURVE('',#729,#730,#67,.T.);
#526=EDGE_CURVE('',#730,#731,#68,.T.);
#527=EDGE_CURVE('',#731,#732,#69,.T.);
#528=EDGE_CURVE('',#732,#733,#858,.T.);
#529=EDGE_CURVE('',#733,#734,#859,.T.);
#530=EDGE_CURVE('',#734,#724,#860,.T.);
#531=EDGE_CURVE('',#735,#736,#861,.T.);
#532=EDGE_CURVE('',#736,#737,#862,.T.);
#533=EDGE_CURVE('',#737,#738,#70,.T.);
#534=EDGE_CURVE('',#738,#739,#71,.T.);
#535=EDGE_CURVE('',#739,#740,#72,.T.);
#536=EDGE_CURVE('',#740,#741,#863,.T.);
#537=EDGE_CURVE('',#741,#742,#73,.T.);
#538=EDGE_CURVE('',#742,#743,#74,.T.);
#539=EDGE_CURVE('',#743,#744,#75,.T.);
#540=EDGE_CURVE('',#744,#735,#864,.T.);
#541=EDGE_CURVE('',#745,#746,#865,.T.);
#542=EDGE_CURVE('',#746,#747,#866,.T.);
#543=EDGE_CURVE('',#747,#748,#867,.T.);
#544=EDGE_CURVE('',#748,#745,#868,.T.);
#545=EDGE_CURVE('',#749,#750,#869,.T.);
#546=EDGE_CURVE('',#749,#751,#870,.T.);
#547=EDGE_CURVE('',#751,#752,#871,.F.);
#548=EDGE_CURVE('',#752,#750,#872,.F.);
#549=EDGE_CURVE('',#753,#754,#873,.T.);
#550=EDGE_CURVE('',#753,#755,#874,.T.);
#551=EDGE_CURVE('',#756,#755,#875,.T.);
#552=EDGE_CURVE('',#754,#756,#876,.T.);
#553=EDGE_CURVE('',#757,#758,#877,.T.);
#554=EDGE_CURVE('',#757,#759,#878,.T.);
#555=EDGE_CURVE('',#759,#760,#879,.T.);
#556=EDGE_CURVE('',#760,#758,#880,.T.);
#557=EDGE_CURVE('',#761,#762,#881,.F.);
#558=EDGE_CURVE('',#762,#763,#882,.T.);
#559=EDGE_CURVE('',#763,#764,#883,.T.);
#560=EDGE_CURVE('',#764,#761,#884,.T.);
#561=EDGE_CURVE('',#765,#766,#885,.T.);
#562=EDGE_CURVE('',#765,#767,#886,.T.);
#563=EDGE_CURVE('',#767,#768,#887,.F.);
#564=EDGE_CURVE('',#768,#769,#888,.F.);
#565=EDGE_CURVE('',#770,#769,#889,.T.);
#566=EDGE_CURVE('',#770,#771,#890,.T.);
#567=EDGE_CURVE('',#772,#771,#891,.T.);
#568=EDGE_CURVE('',#766,#772,#892,.T.);
#569=EDGE_CURVE('',#753,#773,#893,.T.);
#570=EDGE_CURVE('',#773,#774,#894,.T.);
#571=EDGE_CURVE('',#774,#775,#895,.T.);
#572=EDGE_CURVE('',#776,#775,#896,.T.);
#573=EDGE_CURVE('',#776,#757,#897,.T.);
#574=EDGE_CURVE('',#755,#758,#898,.T.);
#575=EDGE_CURVE('',#749,#769,#40,.F.);
#576=EDGE_CURVE('',#751,#768,#41,.T.);
#577=EDGE_CURVE('',#765,#762,#42,.F.);
#578=EDGE_CURVE('',#767,#761,#43,.T.);
#579=EDGE_CURVE('',#777,#778,#899,.T.);
#580=EDGE_CURVE('',#777,#750,#44,.F.);
#581=EDGE_CURVE('',#778,#752,#45,.T.);
#582=EDGE_CURVE('',#763,#779,#46,.F.);
#583=EDGE_CURVE('',#779,#780,#900,.T.);
#584=EDGE_CURVE('',#780,#764,#47,.F.);
#585=EDGE_CURVE('',#779,#781,#901,.T.);
#586=EDGE_CURVE('',#781,#782,#902,.T.);
#587=EDGE_CURVE('',#782,#783,#903,.T.);
#588=EDGE_CURVE('',#784,#783,#904,.T.);
#589=EDGE_CURVE('',#784,#777,#905,.T.);
#590=EDGE_CURVE('',#780,#778,#906,.T.);
#591=EDGE_CURVE('',#754,#785,#907,.T.);
#592=EDGE_CURVE('',#756,#760,#908,.T.);
#593=EDGE_CURVE('',#786,#759,#909,.T.);
#594=EDGE_CURVE('',#786,#787,#910,.T.);
#595=EDGE_CURVE('',#788,#787,#911,.T.);
#596=EDGE_CURVE('',#785,#788,#912,.T.);
#597=EDGE_CURVE('',#789,#790,#913,.F.);
#598=EDGE_CURVE('',#790,#791,#914,.T.);
#599=EDGE_CURVE('',#791,#792,#915,.T.);
#600=EDGE_CURVE('',#792,#789,#916,.F.);
#601=EDGE_CURVE('',#774,#772,#917,.T.);
#602=EDGE_CURVE('',#773,#766,#918,.T.);
#603=EDGE_CURVE('',#775,#771,#919,.T.);
#604=EDGE_CURVE('',#776,#770,#920,.T.);
#605=EDGE_CURVE('',#751,#791,#48,.F.);
#606=EDGE_CURVE('',#791,#768,#49,.F.);
#607=EDGE_CURVE('',#792,#767,#50,.T.);
#608=EDGE_CURVE('',#752,#790,#51,.T.);
#609=EDGE_CURVE('',#792,#761,#52,.F.);
#610=EDGE_CURVE('',#778,#790,#53,.F.);
#611=EDGE_CURVE('',#789,#764,#54,.T.);
#612=EDGE_CURVE('',#780,#789,#55,.T.);
#613=EDGE_CURVE('',#782,#788,#921,.T.);
#614=EDGE_CURVE('',#781,#785,#922,.T.);
#615=EDGE_CURVE('',#783,#787,#923,.T.);
#616=EDGE_CURVE('',#784,#786,#924,.T.);
#617=EDGE_CURVE('',#793,#794,#925,.T.);
#618=EDGE_CURVE('',#795,#793,#926,.T.);
#619=EDGE_CURVE('',#795,#796,#927,.T.);
#620=EDGE_CURVE('',#796,#794,#928,.T.);
#621=EDGE_CURVE('',#797,#793,#929,.T.);
#622=EDGE_CURVE('',#798,#797,#930,.T.);
#623=EDGE_CURVE('',#798,#795,#931,.T.);
#624=EDGE_CURVE('',#799,#797,#932,.T.);
#625=EDGE_CURVE('',#800,#799,#933,.T.);
#626=EDGE_CURVE('',#800,#798,#934,.T.);
#627=EDGE_CURVE('',#801,#799,#76,.T.);
#628=EDGE_CURVE('',#802,#801,#935,.T.);
#629=EDGE_CURVE('',#802,#800,#77,.T.);
#630=EDGE_CURVE('',#803,#801,#78,.T.);
#631=EDGE_CURVE('',#804,#803,#936,.T.);
#632=EDGE_CURVE('',#804,#802,#79,.T.);
#633=EDGE_CURVE('',#805,#803,#80,.T.);
#634=EDGE_CURVE('',#806,#805,#937,.T.);
#635=EDGE_CURVE('',#806,#804,#81,.T.);
#636=EDGE_CURVE('',#807,#805,#938,.T.);
#637=EDGE_CURVE('',#808,#807,#939,.T.);
#638=EDGE_CURVE('',#808,#806,#940,.T.);
#639=EDGE_CURVE('',#809,#807,#82,.T.);
#640=EDGE_CURVE('',#810,#809,#941,.T.);
#641=EDGE_CURVE('',#810,#808,#83,.T.);
#642=EDGE_CURVE('',#811,#809,#84,.T.);
#643=EDGE_CURVE('',#812,#811,#942,.T.);
#644=EDGE_CURVE('',#812,#810,#85,.T.);
#645=EDGE_CURVE('',#813,#735,#943,.T.);
#646=EDGE_CURVE('',#813,#814,#944,.T.);
#647=EDGE_CURVE('',#814,#736,#945,.T.);
#648=EDGE_CURVE('',#815,#744,#946,.T.);
#649=EDGE_CURVE('',#815,#813,#947,.T.);
#650=EDGE_CURVE('',#816,#743,#948,.T.);
#651=EDGE_CURVE('',#816,#815,#86,.T.);
#652=EDGE_CURVE('',#817,#742,#949,.T.);
#653=EDGE_CURVE('',#817,#816,#87,.T.);
#654=EDGE_CURVE('',#818,#741,#950,.T.);
#655=EDGE_CURVE('',#818,#817,#88,.T.);
#656=EDGE_CURVE('',#819,#740,#951,.T.);
#657=EDGE_CURVE('',#819,#818,#952,.T.);
#658=EDGE_CURVE('',#820,#739,#953,.T.);
#659=EDGE_CURVE('',#820,#819,#89,.T.);
#660=EDGE_CURVE('',#821,#738,#954,.T.);
#661=EDGE_CURVE('',#821,#820,#90,.T.);
#662=EDGE_CURVE('',#822,#737,#955,.T.);
#663=EDGE_CURVE('',#822,#821,#91,.T.);
#664=EDGE_CURVE('',#814,#822,#956,.T.);
#665=EDGE_CURVE('',#794,#811,#92,.T.);
#666=EDGE_CURVE('',#796,#812,#93,.T.);
#667=EDGE_CURVE('',#823,#745,#957,.T.);
#668=EDGE_CURVE('',#823,#824,#958,.T.);
#669=EDGE_CURVE('',#824,#746,#959,.T.);
#670=EDGE_CURVE('',#825,#748,#960,.T.);
#671=EDGE_CURVE('',#825,#823,#961,.T.);
#672=EDGE_CURVE('',#826,#747,#962,.T.);
#673=EDGE_CURVE('',#826,#825,#963,.T.);
#674=EDGE_CURVE('',#824,#826,#964,.T.);
#675=EDGE_CURVE('',#827,#828,#965,.T.);
#676=EDGE_CURVE('',#829,#827,#966,.T.);
#677=EDGE_CURVE('',#829,#830,#967,.T.);
#678=EDGE_CURVE('',#830,#828,#968,.T.);
#679=EDGE_CURVE('',#831,#827,#969,.T.);
#680=EDGE_CURVE('',#832,#831,#970,.T.);
#681=EDGE_CURVE('',#832,#829,#971,.T.);
#682=EDGE_CURVE('',#833,#831,#972,.T.);
#683=EDGE_CURVE('',#834,#833,#973,.T.);
#684=EDGE_CURVE('',#834,#832,#974,.T.);
#685=EDGE_CURVE('',#835,#833,#94,.T.);
#686=EDGE_CURVE('',#836,#835,#975,.T.);
#687=EDGE_CURVE('',#836,#834,#95,.T.);
#688=EDGE_CURVE('',#837,#835,#96,.T.);
#689=EDGE_CURVE('',#838,#837,#976,.T.);
#690=EDGE_CURVE('',#838,#836,#97,.T.);
#691=EDGE_CURVE('',#839,#837,#98,.T.);
#692=EDGE_CURVE('',#840,#839,#977,.T.);
#693=EDGE_CURVE('',#840,#838,#99,.T.);
#694=EDGE_CURVE('',#841,#839,#100,.T.);
#695=EDGE_CURVE('',#842,#841,#978,.T.);
#696=EDGE_CURVE('',#842,#840,#101,.T.);
#697=EDGE_CURVE('',#843,#841,#102,.T.);
#698=EDGE_CURVE('',#844,#843,#979,.T.);
#699=EDGE_CURVE('',#844,#842,#103,.T.);
#700=EDGE_CURVE('',#845,#724,#980,.T.);
#701=EDGE_CURVE('',#845,#846,#981,.T.);
#702=EDGE_CURVE('',#846,#725,#982,.T.);
#703=EDGE_CURVE('',#847,#734,#983,.T.);
#704=EDGE_CURVE('',#847,#845,#984,.T.);
#705=EDGE_CURVE('',#848,#733,#985,.T.);
#706=EDGE_CURVE('',#848,#847,#986,.T.);
#707=EDGE_CURVE('',#849,#732,#987,.T.);
#708=EDGE_CURVE('',#849,#848,#988,.T.);
#709=EDGE_CURVE('',#850,#731,#989,.T.);
#710=EDGE_CURVE('',#850,#849,#104,.T.);
#711=EDGE_CURVE('',#851,#730,#990,.T.);
#712=EDGE_CURVE('',#851,#850,#105,.T.);
#713=EDGE_CURVE('',#852,#729,#991,.T.);
#714=EDGE_CURVE('',#852,#851,#106,.T.);
#715=EDGE_CURVE('',#853,#728,#992,.T.);
#716=EDGE_CURVE('',#853,#852,#107,.T.);
#717=EDGE_CURVE('',#854,#727,#993,.T.);
#718=EDGE_CURVE('',#854,#853,#108,.T.);
#719=EDGE_CURVE('',#855,#726,#994,.T.);
#720=EDGE_CURVE('',#855,#854,#109,.T.);
#721=EDGE_CURVE('',#846,#855,#995,.T.);
#722=EDGE_CURVE('',#828,#843,#110,.T.);
#723=EDGE_CURVE('',#830,#844,#111,.T.);
#724=VERTEX_POINT('',#1797);
#725=VERTEX_POINT('',#1798);
#726=VERTEX_POINT('',#1800);
#727=VERTEX_POINT('',#1804);
#728=VERTEX_POINT('',#1808);
#729=VERTEX_POINT('',#1812);
#730=VERTEX_POINT('',#1816);
#731=VERTEX_POINT('',#1820);
#732=VERTEX_POINT('',#1824);
#733=VERTEX_POINT('',#1826);
#734=VERTEX_POINT('',#1828);
#735=VERTEX_POINT('',#1831);
#736=VERTEX_POINT('',#1832);
#737=VERTEX_POINT('',#1834);
#738=VERTEX_POINT('',#1838);
#739=VERTEX_POINT('',#1842);
#740=VERTEX_POINT('',#1846);
#741=VERTEX_POINT('',#1848);
#742=VERTEX_POINT('',#1852);
#743=VERTEX_POINT('',#1856);
#744=VERTEX_POINT('',#1860);
#745=VERTEX_POINT('',#1863);
#746=VERTEX_POINT('',#1864);
#747=VERTEX_POINT('',#1866);
#748=VERTEX_POINT('',#1868);
#749=VERTEX_POINT('',#1871);
#750=VERTEX_POINT('',#1872);
#751=VERTEX_POINT('',#1874);
#752=VERTEX_POINT('',#1876);
#753=VERTEX_POINT('',#1880);
#754=VERTEX_POINT('',#1881);
#755=VERTEX_POINT('',#1883);
#756=VERTEX_POINT('',#1885);
#757=VERTEX_POINT('',#1889);
#758=VERTEX_POINT('',#1890);
#759=VERTEX_POINT('',#1892);
#760=VERTEX_POINT('',#1894);
#761=VERTEX_POINT('',#1898);
#762=VERTEX_POINT('',#1899);
#763=VERTEX_POINT('',#1901);
#764=VERTEX_POINT('',#1903);
#765=VERTEX_POINT('',#1907);
#766=VERTEX_POINT('',#1908);
#767=VERTEX_POINT('',#1910);
#768=VERTEX_POINT('',#1912);
#769=VERTEX_POINT('',#1914);
#770=VERTEX_POINT('',#1916);
#771=VERTEX_POINT('',#1918);
#772=VERTEX_POINT('',#1920);
#773=VERTEX_POINT('',#1924);
#774=VERTEX_POINT('',#1926);
#775=VERTEX_POINT('',#1928);
#776=VERTEX_POINT('',#1930);
#777=VERTEX_POINT('',#1941);
#778=VERTEX_POINT('',#1942);
#779=VERTEX_POINT('',#1947);
#780=VERTEX_POINT('',#1949);
#781=VERTEX_POINT('',#1953);
#782=VERTEX_POINT('',#1955);
#783=VERTEX_POINT('',#1957);
#784=VERTEX_POINT('',#1959);
#785=VERTEX_POINT('',#1964);
#786=VERTEX_POINT('',#1967);
#787=VERTEX_POINT('',#1969);
#788=VERTEX_POINT('',#1971);
#789=VERTEX_POINT('',#1976);
#790=VERTEX_POINT('',#1977);
#791=VERTEX_POINT('',#1979);
#792=VERTEX_POINT('',#1981);
#793=VERTEX_POINT('',#2015);
#794=VERTEX_POINT('',#2016);
#795=VERTEX_POINT('',#2018);
#796=VERTEX_POINT('',#2020);
#797=VERTEX_POINT('',#2024);
#798=VERTEX_POINT('',#2026);
#799=VERTEX_POINT('',#2030);
#800=VERTEX_POINT('',#2032);
#801=VERTEX_POINT('',#2045);
#802=VERTEX_POINT('',#2047);
#803=VERTEX_POINT('',#2062);
#804=VERTEX_POINT('',#2064);
#805=VERTEX_POINT('',#2079);
#806=VERTEX_POINT('',#2081);
#807=VERTEX_POINT('',#2087);
#808=VERTEX_POINT('',#2089);
#809=VERTEX_POINT('',#2102);
#810=VERTEX_POINT('',#2104);
#811=VERTEX_POINT('',#2119);
#812=VERTEX_POINT('',#2121);
#813=VERTEX_POINT('',#2127);
#814=VERTEX_POINT('',#2129);
#815=VERTEX_POINT('',#2133);
#816=VERTEX_POINT('',#2144);
#817=VERTEX_POINT('',#2157);
#818=VERTEX_POINT('',#2170);
#819=VERTEX_POINT('',#2176);
#820=VERTEX_POINT('',#2187);
#821=VERTEX_POINT('',#2200);
#822=VERTEX_POINT('',#2213);
#823=VERTEX_POINT('',#2236);
#824=VERTEX_POINT('',#2238);
#825=VERTEX_POINT('',#2242);
#826=VERTEX_POINT('',#2246);
#827=VERTEX_POINT('',#2253);
#828=VERTEX_POINT('',#2254);
#829=VERTEX_POINT('',#2256);
#830=VERTEX_POINT('',#2258);
#831=VERTEX_POINT('',#2262);
#832=VERTEX_POINT('',#2264);
#833=VERTEX_POINT('',#2268);
#834=VERTEX_POINT('',#2270);
#835=VERTEX_POINT('',#2283);
#836=VERTEX_POINT('',#2285);
#837=VERTEX_POINT('',#2300);
#838=VERTEX_POINT('',#2302);
#839=VERTEX_POINT('',#2317);
#840=VERTEX_POINT('',#2319);
#841=VERTEX_POINT('',#2334);
#842=VERTEX_POINT('',#2336);
#843=VERTEX_POINT('',#2351);
#844=VERTEX_POINT('',#2353);
#845=VERTEX_POINT('',#2359);
#846=VERTEX_POINT('',#2361);
#847=VERTEX_POINT('',#2365);
#848=VERTEX_POINT('',#2369);
#849=VERTEX_POINT('',#2373);
#850=VERTEX_POINT('',#2384);
#851=VERTEX_POINT('',#2397);
#852=VERTEX_POINT('',#2410);
#853=VERTEX_POINT('',#2423);
#854=VERTEX_POINT('',#2436);
#855=VERTEX_POINT('',#2449);
#856=LINE('',#1796,#996);
#857=LINE('',#1799,#997);
#858=LINE('',#1825,#998);
#859=LINE('',#1827,#999);
#860=LINE('',#1829,#1000);
#861=LINE('',#1830,#1001);
#862=LINE('',#1833,#1002);
#863=LINE('',#1847,#1003);
#864=LINE('',#1861,#1004);
#865=LINE('',#1862,#1005);
#866=LINE('',#1865,#1006);
#867=LINE('',#1867,#1007);
#868=LINE('',#1869,#1008);
#869=LINE('',#1870,#1009);
#870=LINE('',#1873,#1010);
#871=LINE('',#1875,#1011);
#872=LINE('',#1877,#1012);
#873=LINE('',#1879,#1013);
#874=LINE('',#1882,#1014);
#875=LINE('',#1884,#1015);
#876=LINE('',#1886,#1016);
#877=LINE('',#1888,#1017);
#878=LINE('',#1891,#1018);
#879=LINE('',#1893,#1019);
#880=LINE('',#1895,#1020);
#881=LINE('',#1897,#1021);
#882=LINE('',#1900,#1022);
#883=LINE('',#1902,#1023);
#884=LINE('',#1904,#1024);
#885=LINE('',#1906,#1025);
#886=LINE('',#1909,#1026);
#887=LINE('',#1911,#1027);
#888=LINE('',#1913,#1028);
#889=LINE('',#1915,#1029);
#890=LINE('',#1917,#1030);
#891=LINE('',#1919,#1031);
#892=LINE('',#1921,#1032);
#893=LINE('',#1923,#1033);
#894=LINE('',#1925,#1034);
#895=LINE('',#1927,#1035);
#896=LINE('',#1929,#1036);
#897=LINE('',#1931,#1037);
#898=LINE('',#1932,#1038);
#899=LINE('',#1940,#1039);
#900=LINE('',#1948,#1040);
#901=LINE('',#1952,#1041);
#902=LINE('',#1954,#1042);
#903=LINE('',#1956,#1043);
#904=LINE('',#1958,#1044);
#905=LINE('',#1960,#1045);
#906=LINE('',#1961,#1046);
#907=LINE('',#1963,#1047);
#908=LINE('',#1965,#1048);
#909=LINE('',#1966,#1049);
#910=LINE('',#1968,#1050);
#911=LINE('',#1970,#1051);
#912=LINE('',#1972,#1052);
#913=LINE('',#1975,#1053);
#914=LINE('',#1978,#1054);
#915=LINE('',#1980,#1055);
#916=LINE('',#1982,#1056);
#917=LINE('',#1984,#1057);
#918=LINE('',#1985,#1058);
#919=LINE('',#1987,#1059);
#920=LINE('',#1989,#1060);
#921=LINE('',#2007,#1061);
#922=LINE('',#2008,#1062);
#923=LINE('',#2010,#1063);
#924=LINE('',#2012,#1064);
#925=LINE('',#2014,#1065);
#926=LINE('',#2017,#1066);
#927=LINE('',#2019,#1067);
#928=LINE('',#2021,#1068);
#929=LINE('',#2023,#1069);
#930=LINE('',#2025,#1070);
#931=LINE('',#2027,#1071);
#932=LINE('',#2029,#1072);
#933=LINE('',#2031,#1073);
#934=LINE('',#2033,#1074);
#935=LINE('',#2046,#1075);
#936=LINE('',#2063,#1076);
#937=LINE('',#2080,#1077);
#938=LINE('',#2086,#1078);
#939=LINE('',#2088,#1079);
#940=LINE('',#2090,#1080);
#941=LINE('',#2103,#1081);
#942=LINE('',#2120,#1082);
#943=LINE('',#2126,#1083);
#944=LINE('',#2128,#1084);
#945=LINE('',#2130,#1085);
#946=LINE('',#2132,#1086);
#947=LINE('',#2134,#1087);
#948=LINE('',#2143,#1088);
#949=LINE('',#2156,#1089);
#950=LINE('',#2169,#1090);
#951=LINE('',#2175,#1091);
#952=LINE('',#2177,#1092);
#953=LINE('',#2186,#1093);
#954=LINE('',#2199,#1094);
#955=LINE('',#2212,#1095);
#956=LINE('',#2218,#1096);
#957=LINE('',#2235,#1097);
#958=LINE('',#2237,#1098);
#959=LINE('',#2239,#1099);
#960=LINE('',#2241,#1100);
#961=LINE('',#2243,#1101);
#962=LINE('',#2245,#1102);
#963=LINE('',#2247,#1103);
#964=LINE('',#2249,#1104);
#965=LINE('',#2252,#1105);
#966=LINE('',#2255,#1106);
#967=LINE('',#2257,#1107);
#968=LINE('',#2259,#1108);
#969=LINE('',#2261,#1109);
#970=LINE('',#2263,#1110);
#971=LINE('',#2265,#1111);
#972=LINE('',#2267,#1112);
#973=LINE('',#2269,#1113);
#974=LINE('',#2271,#1114);
#975=LINE('',#2284,#1115);
#976=LINE('',#2301,#1116);
#977=LINE('',#2318,#1117);
#978=LINE('',#2335,#1118);
#979=LINE('',#2352,#1119);
#980=LINE('',#2358,#1120);
#981=LINE('',#2360,#1121);
#982=LINE('',#2362,#1122);
#983=LINE('',#2364,#1123);
#984=LINE('',#2366,#1124);
#985=LINE('',#2368,#1125);
#986=LINE('',#2370,#1126);
#987=LINE('',#2372,#1127);
#988=LINE('',#2374,#1128);
#989=LINE('',#2383,#1129);
#990=LINE('',#2396,#1130);
#991=LINE('',#2409,#1131);
#992=LINE('',#2422,#1132);
#993=LINE('',#2435,#1133);
#994=LINE('',#2448,#1134);
#995=LINE('',#2454,#1135);
#996=VECTOR('',#1514,1.);
#997=VECTOR('',#1515,1.);
#998=VECTOR('',#1516,1.);
#999=VECTOR('',#1517,1.);
#1000=VECTOR('',#1518,1.);
#1001=VECTOR('',#1519,1.);
#1002=VECTOR('',#1520,1.);
#1003=VECTOR('',#1521,1.);
#1004=VECTOR('',#1522,1.);
#1005=VECTOR('',#1523,1.);
#1006=VECTOR('',#1524,1.);
#1007=VECTOR('',#1525,1.);
#1008=VECTOR('',#1526,1.);
#1009=VECTOR('',#1527,1.);
#1010=VECTOR('',#1528,1.);
#1011=VECTOR('',#1529,1.);
#1012=VECTOR('',#1530,1.);
#1013=VECTOR('',#1533,1.);
#1014=VECTOR('',#1534,1.);
#1015=VECTOR('',#1535,1.);
#1016=VECTOR('',#1536,1.);
#1017=VECTOR('',#1539,1.);
#1018=VECTOR('',#1540,1.);
#1019=VECTOR('',#1541,1.);
#1020=VECTOR('',#1542,1.);
#1021=VECTOR('',#1545,1.);
#1022=VECTOR('',#1546,1.);
#1023=VECTOR('',#1547,1.);
#1024=VECTOR('',#1548,1.);
#1025=VECTOR('',#1551,1.);
#1026=VECTOR('',#1552,1.);
#1027=VECTOR('',#1553,1.);
#1028=VECTOR('',#1554,1.);
#1029=VECTOR('',#1555,1.);
#1030=VECTOR('',#1556,1.);
#1031=VECTOR('',#1557,1.);
#1032=VECTOR('',#1558,1.);
#1033=VECTOR('',#1561,1.);
#1034=VECTOR('',#1562,1.);
#1035=VECTOR('',#1563,1.);
#1036=VECTOR('',#1564,1.);
#1037=VECTOR('',#1565,1.);
#1038=VECTOR('',#1566,1.);
#1039=VECTOR('',#1581,1.);
#1040=VECTOR('',#1590,1.);
#1041=VECTOR('',#1595,1.);
#1042=VECTOR('',#1596,1.);
#1043=VECTOR('',#1597,1.);
#1044=VECTOR('',#1598,1.);
#1045=VECTOR('',#1599,1.);
#1046=VECTOR('',#1600,1.);
#1047=VECTOR('',#1603,1.);
#1048=VECTOR('',#1604,1.);
#1049=VECTOR('',#1605,1.);
#1050=VECTOR('',#1606,1.);
#1051=VECTOR('',#1607,1.);
#1052=VECTOR('',#1608,1.);
#1053=VECTOR('',#1613,1.);
#1054=VECTOR('',#1614,1.);
#1055=VECTOR('',#1615,1.);
#1056=VECTOR('',#1616,1.);
#1057=VECTOR('',#1619,1.);
#1058=VECTOR('',#1620,1.);
#1059=VECTOR('',#1623,1.);
#1060=VECTOR('',#1626,1.);
#1061=VECTOR('',#1661,1.);
#1062=VECTOR('',#1662,1.);
#1063=VECTOR('',#1665,1.);
#1064=VECTOR('',#1668,1.);
#1065=VECTOR('',#1671,1.);
#1066=VECTOR('',#1672,1.);
#1067=VECTOR('',#1673,1.);
#1068=VECTOR('',#1674,1.);
#1069=VECTOR('',#1677,1.);
#1070=VECTOR('',#1678,1.);
#1071=VECTOR('',#1679,1.);
#1072=VECTOR('',#1682,1.);
#1073=VECTOR('',#1683,1.);
#1074=VECTOR('',#1684,1.);
#1075=VECTOR('',#1685,1.);
#1076=VECTOR('',#1686,1.);
#1077=VECTOR('',#1687,1.);
#1078=VECTOR('',#1690,1.);
#1079=VECTOR('',#1691,1.);
#1080=VECTOR('',#1692,1.);
#1081=VECTOR('',#1693,1.);
#1082=VECTOR('',#1694,1.);
#1083=VECTOR('',#1697,1.);
#1084=VECTOR('',#1698,1.);
#1085=VECTOR('',#1699,1.);
#1086=VECTOR('',#1702,1.);
#1087=VECTOR('',#1703,1.);
#1088=VECTOR('',#1704,1.);
#1089=VECTOR('',#1705,1.);
#1090=VECTOR('',#1706,1.);
#1091=VECTOR('',#1709,1.);
#1092=VECTOR('',#1710,1.);
#1093=VECTOR('',#1711,1.);
#1094=VECTOR('',#1712,1.);
#1095=VECTOR('',#1713,1.);
#1096=VECTOR('',#1716,1.);
#1097=VECTOR('',#1721,1.);
#1098=VECTOR('',#1722,1.);
#1099=VECTOR('',#1723,1.);
#1100=VECTOR('',#1726,1.);
#1101=VECTOR('',#1727,1.);
#1102=VECTOR('',#1730,1.);
#1103=VECTOR('',#1731,1.);
#1104=VECTOR('',#1734,1.);
#1105=VECTOR('',#1739,1.);
#1106=VECTOR('',#1740,1.);
#1107=VECTOR('',#1741,1.);
#1108=VECTOR('',#1742,1.);
#1109=VECTOR('',#1745,1.);
#1110=VECTOR('',#1746,1.);
#1111=VECTOR('',#1747,1.);
#1112=VECTOR('',#1750,1.);
#1113=VECTOR('',#1751,1.);
#1114=VECTOR('',#1752,1.);
#1115=VECTOR('',#1753,1.);
#1116=VECTOR('',#1754,1.);
#1117=VECTOR('',#1755,1.);
#1118=VECTOR('',#1756,1.);
#1119=VECTOR('',#1757,1.);
#1120=VECTOR('',#1760,1.);
#1121=VECTOR('',#1761,1.);
#1122=VECTOR('',#1762,1.);
#1123=VECTOR('',#1765,1.);
#1124=VECTOR('',#1766,1.);
#1125=VECTOR('',#1769,1.);
#1126=VECTOR('',#1770,1.);
#1127=VECTOR('',#1773,1.);
#1128=VECTOR('',#1774,1.);
#1129=VECTOR('',#1775,1.);
#1130=VECTOR('',#1776,1.);
#1131=VECTOR('',#1777,1.);
#1132=VECTOR('',#1778,1.);
#1133=VECTOR('',#1779,1.);
#1134=VECTOR('',#1780,1.);
#1135=VECTOR('',#1783,1.);
#1136=EDGE_LOOP('',(#112,#113,#114,#115,#116,#117,#118,#119,#120,#121,#122));
#1137=EDGE_LOOP('',(#123,#124,#125,#126,#127,#128,#129,#130,#131,#132));
#1138=EDGE_LOOP('',(#133,#134,#135,#136));
#1139=EDGE_LOOP('',(#137,#138,#139,#140));
#1140=EDGE_LOOP('',(#141,#142,#143,#144));
#1141=EDGE_LOOP('',(#145,#146,#147,#148));
#1142=EDGE_LOOP('',(#149,#150,#151,#152));
#1143=EDGE_LOOP('',(#153,#154,#155,#156,#157,#158,#159,#160));
#1144=EDGE_LOOP('',(#161,#162,#163,#164,#165,#166,#167,#168));
#1145=EDGE_LOOP('',(#169,#170,#171,#172));
#1146=EDGE_LOOP('',(#173,#174,#175,#176));
#1147=EDGE_LOOP('',(#177,#178,#179,#180));
#1148=EDGE_LOOP('',(#181,#182,#183,#184));
#1149=EDGE_LOOP('',(#185,#186,#187,#188,#189,#190,#191,#192));
#1150=EDGE_LOOP('',(#193,#194,#195,#196,#197,#198,#199,#200));
#1151=EDGE_LOOP('',(#201,#202,#203,#204));
#1152=EDGE_LOOP('',(#205,#206,#207,#208));
#1153=EDGE_LOOP('',(#209,#210,#211,#212));
#1154=EDGE_LOOP('',(#213,#214,#215,#216));
#1155=EDGE_LOOP('',(#217,#218,#219,#220));
#1156=EDGE_LOOP('',(#221,#222,#223));
#1157=EDGE_LOOP('',(#224,#225,#226,#227));
#1158=EDGE_LOOP('',(#228,#229,#230,#231));
#1159=EDGE_LOOP('',(#232,#233,#234));
#1160=EDGE_LOOP('',(#235,#236,#237));
#1161=EDGE_LOOP('',(#238,#239,#240,#241));
#1162=EDGE_LOOP('',(#242,#243,#244,#245));
#1163=EDGE_LOOP('',(#246,#247,#248));
#1164=EDGE_LOOP('',(#249,#250,#251,#252));
#1165=EDGE_LOOP('',(#253,#254,#255,#256));
#1166=EDGE_LOOP('',(#257,#258,#259,#260));
#1167=EDGE_LOOP('',(#261,#262,#263,#264));
#1168=EDGE_LOOP('',(#265,#266,#267,#268));
#1169=EDGE_LOOP('',(#269,#270,#271,#272));
#1170=EDGE_LOOP('',(#273,#274,#275,#276));
#1171=EDGE_LOOP('',(#277,#278,#279,#280));
#1172=EDGE_LOOP('',(#281,#282,#283,#284));
#1173=EDGE_LOOP('',(#285,#286,#287,#288));
#1174=EDGE_LOOP('',(#289,#290,#291,#292));
#1175=EDGE_LOOP('',(#293,#294,#295,#296));
#1176=EDGE_LOOP('',(#297,#298,#299,#300));
#1177=EDGE_LOOP('',(#301,#302,#303,#304));
#1178=EDGE_LOOP('',(#305,#306,#307,#308));
#1179=EDGE_LOOP('',(#309,#310,#311,#312));
#1180=EDGE_LOOP('',(#313,#314,#315,#316));
#1181=EDGE_LOOP('',(#317,#318,#319,#320));
#1182=EDGE_LOOP('',(#321,#322,#323,#324));
#1183=EDGE_LOOP('',(#325,#326,#327,#328));
#1184=EDGE_LOOP('',(#329,#330,#331,#332));
#1185=EDGE_LOOP('',(#333,#334,#335,#336));
#1186=EDGE_LOOP('',(#337,#338,#339,#340));
#1187=EDGE_LOOP('',(#341,#342,#343,#344,#345,#346,#347,#348,#349,#350));
#1188=EDGE_LOOP('',(#351,#352,#353,#354,#355,#356,#357,#358,#359,#360));
#1189=EDGE_LOOP('',(#361,#362,#363,#364));
#1190=EDGE_LOOP('',(#365,#366,#367,#368));
#1191=EDGE_LOOP('',(#369,#370,#371,#372));
#1192=EDGE_LOOP('',(#373,#374,#375,#376));
#1193=EDGE_LOOP('',(#377,#378,#379,#380));
#1194=EDGE_LOOP('',(#381,#382,#383,#384));
#1195=EDGE_LOOP('',(#385,#386,#387,#388));
#1196=EDGE_LOOP('',(#389,#390,#391,#392));
#1197=EDGE_LOOP('',(#393,#394,#395,#396));
#1198=EDGE_LOOP('',(#397,#398,#399,#400));
#1199=EDGE_LOOP('',(#401,#402,#403,#404));
#1200=EDGE_LOOP('',(#405,#406,#407,#408));
#1201=EDGE_LOOP('',(#409,#410,#411,#412));
#1202=EDGE_LOOP('',(#413,#414,#415,#416));
#1203=EDGE_LOOP('',(#417,#418,#419,#420));
#1204=EDGE_LOOP('',(#421,#422,#423,#424));
#1205=EDGE_LOOP('',(#425,#426,#427,#428));
#1206=EDGE_LOOP('',(#429,#430,#431,#432));
#1207=EDGE_LOOP('',(#433,#434,#435,#436));
#1208=EDGE_LOOP('',(#437,#438,#439,#440));
#1209=EDGE_LOOP('',(#441,#442,#443,#444));
#1210=EDGE_LOOP('',(#445,#446,#447,#448));
#1211=EDGE_LOOP('',(#449,#450,#451,#452));
#1212=EDGE_LOOP('',(#453,#454,#455,#456));
#1213=EDGE_LOOP('',(#457,#458,#459,#460));
#1214=EDGE_LOOP('',(#461,#462,#463,#464,#465,#466,#467,#468,#469,#470,#471));
#1215=EDGE_LOOP('',(#472,#473,#474,#475,#476,#477,#478,#479,#480));
#1216=EDGE_LOOP('',(#481,#482,#483,#484,#485,#486,#487,#488,#489,#490));
#1217=EDGE_LOOP('',(#491,#492,#493,#494,#495,#496,#497,#498,#499));
#1218=EDGE_LOOP('',(#500,#501,#502,#503,#504,#505,#506,#507,#508,#509));
#1219=EDGE_LOOP('',(#510,#511,#512,#513,#514,#515,#516,#517,#518,#519));
#1220=FACE_BOUND('',#1136,.T.);
#1221=FACE_BOUND('',#1137,.T.);
#1222=FACE_BOUND('',#1138,.T.);
#1223=FACE_BOUND('',#1139,.T.);
#1224=FACE_BOUND('',#1140,.T.);
#1225=FACE_BOUND('',#1141,.T.);
#1226=FACE_BOUND('',#1142,.T.);
#1227=FACE_BOUND('',#1143,.T.);
#1228=FACE_BOUND('',#1144,.T.);
#1229=FACE_BOUND('',#1145,.T.);
#1230=FACE_BOUND('',#1146,.T.);
#1231=FACE_BOUND('',#1147,.T.);
#1232=FACE_BOUND('',#1148,.T.);
#1233=FACE_BOUND('',#1149,.T.);
#1234=FACE_BOUND('',#1150,.T.);
#1235=FACE_BOUND('',#1151,.T.);
#1236=FACE_BOUND('',#1152,.T.);
#1237=FACE_BOUND('',#1153,.T.);
#1238=FACE_BOUND('',#1154,.T.);
#1239=FACE_BOUND('',#1155,.T.);
#1240=FACE_BOUND('',#1156,.T.);
#1241=FACE_BOUND('',#1157,.T.);
#1242=FACE_BOUND('',#1158,.T.);
#1243=FACE_BOUND('',#1159,.T.);
#1244=FACE_BOUND('',#1160,.T.);
#1245=FACE_BOUND('',#1161,.T.);
#1246=FACE_BOUND('',#1162,.T.);
#1247=FACE_BOUND('',#1163,.T.);
#1248=FACE_BOUND('',#1164,.T.);
#1249=FACE_BOUND('',#1165,.T.);
#1250=FACE_BOUND('',#1166,.T.);
#1251=FACE_BOUND('',#1167,.T.);
#1252=FACE_BOUND('',#1168,.T.);
#1253=FACE_BOUND('',#1169,.T.);
#1254=FACE_BOUND('',#1170,.T.);
#1255=FACE_BOUND('',#1171,.T.);
#1256=FACE_BOUND('',#1172,.T.);
#1257=FACE_BOUND('',#1173,.T.);
#1258=FACE_BOUND('',#1174,.T.);
#1259=FACE_BOUND('',#1175,.T.);
#1260=FACE_BOUND('',#1176,.T.);
#1261=FACE_BOUND('',#1177,.T.);
#1262=FACE_BOUND('',#1178,.T.);
#1263=FACE_BOUND('',#1179,.T.);
#1264=FACE_BOUND('',#1180,.T.);
#1265=FACE_BOUND('',#1181,.T.);
#1266=FACE_BOUND('',#1182,.T.);
#1267=FACE_BOUND('',#1183,.T.);
#1268=FACE_BOUND('',#1184,.T.);
#1269=FACE_BOUND('',#1185,.T.);
#1270=FACE_BOUND('',#1186,.T.);
#1271=FACE_BOUND('',#1187,.T.);
#1272=FACE_BOUND('',#1188,.T.);
#1273=FACE_BOUND('',#1189,.T.);
#1274=FACE_BOUND('',#1190,.T.);
#1275=FACE_BOUND('',#1191,.T.);
#1276=FACE_BOUND('',#1192,.T.);
#1277=FACE_BOUND('',#1193,.T.);
#1278=FACE_BOUND('',#1194,.T.);
#1279=FACE_BOUND('',#1195,.T.);
#1280=FACE_BOUND('',#1196,.T.);
#1281=FACE_BOUND('',#1197,.T.);
#1282=FACE_BOUND('',#1198,.T.);
#1283=FACE_BOUND('',#1199,.T.);
#1284=FACE_BOUND('',#1200,.T.);
#1285=FACE_BOUND('',#1201,.T.);
#1286=FACE_BOUND('',#1202,.T.);
#1287=FACE_BOUND('',#1203,.T.);
#1288=FACE_BOUND('',#1204,.T.);
#1289=FACE_BOUND('',#1205,.T.);
#1290=FACE_BOUND('',#1206,.T.);
#1291=FACE_BOUND('',#1207,.T.);
#1292=FACE_BOUND('',#1208,.T.);
#1293=FACE_BOUND('',#1209,.T.);
#1294=FACE_BOUND('',#1210,.T.);
#1295=FACE_BOUND('',#1211,.T.);
#1296=FACE_BOUND('',#1212,.T.);
#1297=FACE_BOUND('',#1213,.T.);
#1298=FACE_BOUND('',#1214,.T.);
#1299=FACE_BOUND('',#1215,.T.);
#1300=FACE_BOUND('',#1216,.T.);
#1301=FACE_BOUND('',#1217,.T.);
#1302=FACE_BOUND('',#1218,.T.);
#1303=FACE_BOUND('',#1219,.T.);
#1304=PLANE('',#1439);
#1305=PLANE('',#1440);
#1306=PLANE('',#1441);
#1307=PLANE('',#1442);
#1308=PLANE('',#1443);
#1309=PLANE('',#1444);
#1310=PLANE('',#1457);
#1311=PLANE('',#1458);
#1312=PLANE('',#1459);
#1313=PLANE('',#1460);
#1314=PLANE('',#1461);
#1315=PLANE('',#1462);
#1316=PLANE('',#1463);
#1317=PLANE('',#1480);
#1318=PLANE('',#1481);
#1319=PLANE('',#1482);
#1320=PLANE('',#1483);
#1321=PLANE('',#1484);
#1322=PLANE('',#1485);
#1323=PLANE('',#1486);
#1324=PLANE('',#1487);
#1325=PLANE('',#1488);
#1326=PLANE('',#1489);
#1327=PLANE('',#1490);
#1328=PLANE('',#1491);
#1329=PLANE('',#1492);
#1330=PLANE('',#1493);
#1331=PLANE('',#1494);
#1332=PLANE('',#1495);
#1333=PLANE('',#1496);
#1334=PLANE('',#1497);
#1335=PLANE('',#1498);
#1336=PLANE('',#1499);
#1337=PLANE('',#1500);
#1338=PLANE('',#1501);
#1339=PLANE('',#1502);
#1340=PLANE('',#1503);
#1341=PLANE('',#1504);
#1342=PLANE('',#1505);
#1343=PLANE('',#1506);
#1344=PLANE('',#1507);
#1345=PLANE('',#1508);
#1346=PLANE('',#1509);
#1347=ADVANCED_FACE('',(#1220,#1221,#1222,#1223),#1304,.F.);
#1348=ADVANCED_FACE('',(#1224),#1305,.F.);
#1349=ADVANCED_FACE('',(#1225),#1306,.T.);
#1350=ADVANCED_FACE('',(#1226),#1307,.T.);
#1351=ADVANCED_FACE('',(#1227),#1308,.F.);
#1352=ADVANCED_FACE('',(#1228),#1309,.T.);
#1353=ADVANCED_FACE('',(#1229),#56,.T.);
#1354=ADVANCED_FACE('',(#1230),#57,.T.);
#1355=ADVANCED_FACE('',(#1231),#58,.T.);
#1356=ADVANCED_FACE('',(#1232),#59,.T.);
#1357=ADVANCED_FACE('',(#1233),#1310,.T.);
#1358=ADVANCED_FACE('',(#1234),#1311,.F.);
#1359=ADVANCED_FACE('',(#1235),#1312,.F.);
#1360=ADVANCED_FACE('',(#1236),#1313,.F.);
#1361=ADVANCED_FACE('',(#1237),#1314,.F.);
#1362=ADVANCED_FACE('',(#1238),#1315,.F.);
#1363=ADVANCED_FACE('',(#1239),#1316,.T.);
#1364=ADVANCED_FACE('',(#1240),#36,.T.);
#1365=ADVANCED_FACE('',(#1241),#60,.T.);
#1366=ADVANCED_FACE('',(#1242),#61,.T.);
#1367=ADVANCED_FACE('',(#1243),#37,.T.);
#1368=ADVANCED_FACE('',(#1244),#38,.T.);
#1369=ADVANCED_FACE('',(#1245),#62,.T.);
#1370=ADVANCED_FACE('',(#1246),#63,.T.);
#1371=ADVANCED_FACE('',(#1247),#39,.T.);
#1372=ADVANCED_FACE('',(#1248),#1317,.F.);
#1373=ADVANCED_FACE('',(#1249),#1318,.F.);
#1374=ADVANCED_FACE('',(#1250),#1319,.T.);
#1375=ADVANCED_FACE('',(#1251),#1320,.T.);
#1376=ADVANCED_FACE('',(#1252),#1321,.T.);
#1377=ADVANCED_FACE('',(#1253),#1322,.T.);
#1378=ADVANCED_FACE('',(#1254),#12,.T.);
#1379=ADVANCED_FACE('',(#1255),#13,.T.);
#1380=ADVANCED_FACE('',(#1256),#14,.T.);
#1381=ADVANCED_FACE('',(#1257),#1323,.T.);
#1382=ADVANCED_FACE('',(#1258),#15,.T.);
#1383=ADVANCED_FACE('',(#1259),#16,.T.);
#1384=ADVANCED_FACE('',(#1260),#1324,.T.);
#1385=ADVANCED_FACE('',(#1261),#1325,.T.);
#1386=ADVANCED_FACE('',(#1262),#17,.T.);
#1387=ADVANCED_FACE('',(#1263),#18,.T.);
#1388=ADVANCED_FACE('',(#1264),#19,.T.);
#1389=ADVANCED_FACE('',(#1265),#1326,.T.);
#1390=ADVANCED_FACE('',(#1266),#20,.T.);
#1391=ADVANCED_FACE('',(#1267),#21,.T.);
#1392=ADVANCED_FACE('',(#1268),#22,.T.);
#1393=ADVANCED_FACE('',(#1269),#1327,.T.);
#1394=ADVANCED_FACE('',(#1270),#23,.T.);
#1395=ADVANCED_FACE('',(#1271,#1272),#1328,.T.);
#1396=ADVANCED_FACE('',(#1273),#1329,.T.);
#1397=ADVANCED_FACE('',(#1274),#1330,.T.);
#1398=ADVANCED_FACE('',(#1275),#1331,.T.);
#1399=ADVANCED_FACE('',(#1276),#1332,.T.);
#1400=ADVANCED_FACE('',(#1277),#1333,.T.);
#1401=ADVANCED_FACE('',(#1278),#1334,.T.);
#1402=ADVANCED_FACE('',(#1279),#1335,.T.);
#1403=ADVANCED_FACE('',(#1280),#1336,.T.);
#1404=ADVANCED_FACE('',(#1281),#24,.T.);
#1405=ADVANCED_FACE('',(#1282),#25,.T.);
#1406=ADVANCED_FACE('',(#1283),#26,.T.);
#1407=ADVANCED_FACE('',(#1284),#27,.T.);
#1408=ADVANCED_FACE('',(#1285),#28,.T.);
#1409=ADVANCED_FACE('',(#1286),#1337,.T.);
#1410=ADVANCED_FACE('',(#1287),#1338,.T.);
#1411=ADVANCED_FACE('',(#1288),#1339,.T.);
#1412=ADVANCED_FACE('',(#1289),#1340,.T.);
#1413=ADVANCED_FACE('',(#1290),#29,.T.);
#1414=ADVANCED_FACE('',(#1291),#30,.T.);
#1415=ADVANCED_FACE('',(#1292),#31,.T.);
#1416=ADVANCED_FACE('',(#1293),#32,.T.);
#1417=ADVANCED_FACE('',(#1294),#33,.T.);
#1418=ADVANCED_FACE('',(#1295),#34,.T.);
#1419=ADVANCED_FACE('',(#1296),#1341,.T.);
#1420=ADVANCED_FACE('',(#1297),#35,.T.);
#1421=ADVANCED_FACE('',(#1298,#1299),#1342,.T.);
#1422=ADVANCED_FACE('',(#1300),#1343,.F.);
#1423=ADVANCED_FACE('',(#1301),#1344,.F.);
#1424=ADVANCED_FACE('',(#1302),#1345,.T.);
#1425=ADVANCED_FACE('',(#1303),#1346,.T.);
#1426=CLOSED_SHELL('',(#1347,#1348,#1349,#1350,#1351,#1352,#1353,#1354,
#1355,#1356,#1357,#1358,#1359,#1360,#1361,#1362,#1363,#1364,#1365,#1366,
#1367,#1368,#1369,#1370,#1371,#1372,#1373,#1374,#1375,#1376,#1377,#1378,
#1379,#1380,#1381,#1382,#1383,#1384,#1385,#1386,#1387,#1388,#1389,#1390,
#1391,#1392,#1393,#1394,#1395,#1396,#1397,#1398,#1399,#1400,#1401,#1402,
#1403,#1404,#1405,#1406,#1407,#1408,#1409,#1410,#1411,#1412,#1413,#1414,
#1415,#1416,#1417,#1418,#1419,#1420,#1421,#1422,#1423,#1424,#1425));
#1427=STYLED_ITEM('',(#1428),#1435);
#1428=PRESENTATION_STYLE_ASSIGNMENT((#1429));
#1429=SURFACE_STYLE_USAGE(.BOTH.,#1430);
#1430=SURFACE_SIDE_STYLE('',(#1431));
#1431=SURFACE_STYLE_FILL_AREA(#1432);
#1432=FILL_AREA_STYLE('',(#1433));
#1433=FILL_AREA_STYLE_COLOUR('',#1434);
#1434=COLOUR_RGB('',0.615686274509804,0.811764705882353,0.929411764705882);
#1435=MANIFOLD_SOLID_BREP('Part 1',#1426);
#1436=SHAPE_DEFINITION_REPRESENTATION(#2480,#1437);
#1437=SHAPE_REPRESENTATION('Part 1',(#1438),#2475);
#1438=AXIS2_PLACEMENT_3D('',#1794,#1510,#1511);
#1439=AXIS2_PLACEMENT_3D('',#1795,#1512,#1513);
#1440=AXIS2_PLACEMENT_3D('',#1878,#1531,#1532);
#1441=AXIS2_PLACEMENT_3D('',#1887,#1537,#1538);
#1442=AXIS2_PLACEMENT_3D('',#1896,#1543,#1544);
#1443=AXIS2_PLACEMENT_3D('',#1905,#1549,#1550);
#1444=AXIS2_PLACEMENT_3D('',#1922,#1559,#1560);
#1445=AXIS2_PLACEMENT_3D('',#1933,#1567,#1568);
#1446=AXIS2_PLACEMENT_3D('',#1934,#1569,#1570);
#1447=AXIS2_PLACEMENT_3D('',#1935,#1571,#1572);
#1448=AXIS2_PLACEMENT_3D('',#1936,#1573,#1574);
#1449=AXIS2_PLACEMENT_3D('',#1937,#1575,#1576);
#1450=AXIS2_PLACEMENT_3D('',#1938,#1577,#1578);
#1451=AXIS2_PLACEMENT_3D('',#1939,#1579,#1580);
#1452=AXIS2_PLACEMENT_3D('',#1943,#1582,#1583);
#1453=AXIS2_PLACEMENT_3D('',#1944,#1584,#1585);
#1454=AXIS2_PLACEMENT_3D('',#1945,#1586,#1587);
#1455=AXIS2_PLACEMENT_3D('',#1946,#1588,#1589);
#1456=AXIS2_PLACEMENT_3D('',#1950,#1591,#1592);
#1457=AXIS2_PLACEMENT_3D('',#1951,#1593,#1594);
#1458=AXIS2_PLACEMENT_3D('',#1962,#1601,#1602);
#1459=AXIS2_PLACEMENT_3D('',#1973,#1609,#1610);
#1460=AXIS2_PLACEMENT_3D('',#1974,#1611,#1612);
#1461=AXIS2_PLACEMENT_3D('',#1983,#1617,#1618);
#1462=AXIS2_PLACEMENT_3D('',#1986,#1621,#1622);
#1463=AXIS2_PLACEMENT_3D('',#1988,#1624,#1625);
#1464=AXIS2_PLACEMENT_3D('',#1990,#1627,#1628);
#1465=AXIS2_PLACEMENT_3D('',#1991,#1629,#1630);
#1466=AXIS2_PLACEMENT_3D('',#1992,#1631,#1632);
#1467=AXIS2_PLACEMENT_3D('',#1993,#1633,#1634);
#1468=AXIS2_PLACEMENT_3D('',#1994,#1635,#1636);
#1469=AXIS2_PLACEMENT_3D('',#1995,#1637,#1638);
#1470=AXIS2_PLACEMENT_3D('',#1996,#1639,#1640);
#1471=AXIS2_PLACEMENT_3D('',#1997,#1641,#1642);
#1472=AXIS2_PLACEMENT_3D('',#1998,#1643,#1644);
#1473=AXIS2_PLACEMENT_3D('',#1999,#1645,#1646);
#1474=AXIS2_PLACEMENT_3D('',#2000,#1647,#1648);
#1475=AXIS2_PLACEMENT_3D('',#2001,#1649,#1650);
#1476=AXIS2_PLACEMENT_3D('',#2002,#1651,#1652);
#1477=AXIS2_PLACEMENT_3D('',#2003,#1653,#1654);
#1478=AXIS2_PLACEMENT_3D('',#2004,#1655,#1656);
#1479=AXIS2_PLACEMENT_3D('',#2005,#1657,#1658);
#1480=AXIS2_PLACEMENT_3D('',#2006,#1659,#1660);
#1481=AXIS2_PLACEMENT_3D('',#2009,#1663,#1664);
#1482=AXIS2_PLACEMENT_3D('',#2011,#1666,#1667);
#1483=AXIS2_PLACEMENT_3D('',#2013,#1669,#1670);
#1484=AXIS2_PLACEMENT_3D('',#2022,#1675,#1676);
#1485=AXIS2_PLACEMENT_3D('',#2028,#1680,#1681);
#1486=AXIS2_PLACEMENT_3D('',#2085,#1688,#1689);
#1487=AXIS2_PLACEMENT_3D('',#2125,#1695,#1696);
#1488=AXIS2_PLACEMENT_3D('',#2131,#1700,#1701);
#1489=AXIS2_PLACEMENT_3D('',#2174,#1707,#1708);
#1490=AXIS2_PLACEMENT_3D('',#2217,#1714,#1715);
#1491=AXIS2_PLACEMENT_3D('',#2233,#1717,#1718);
#1492=AXIS2_PLACEMENT_3D('',#2234,#1719,#1720);
#1493=AXIS2_PLACEMENT_3D('',#2240,#1724,#1725);
#1494=AXIS2_PLACEMENT_3D('',#2244,#1728,#1729);
#1495=AXIS2_PLACEMENT_3D('',#2248,#1732,#1733);
#1496=AXIS2_PLACEMENT_3D('',#2250,#1735,#1736);
#1497=AXIS2_PLACEMENT_3D('',#2251,#1737,#1738);
#1498=AXIS2_PLACEMENT_3D('',#2260,#1743,#1744);
#1499=AXIS2_PLACEMENT_3D('',#2266,#1748,#1749);
#1500=AXIS2_PLACEMENT_3D('',#2357,#1758,#1759);
#1501=AXIS2_PLACEMENT_3D('',#2363,#1763,#1764);
#1502=AXIS2_PLACEMENT_3D('',#2367,#1767,#1768);
#1503=AXIS2_PLACEMENT_3D('',#2371,#1771,#1772);
#1504=AXIS2_PLACEMENT_3D('',#2453,#1781,#1782);
#1505=AXIS2_PLACEMENT_3D('',#2469,#1784,#1785);
#1506=AXIS2_PLACEMENT_3D('',#2470,#1786,#1787);
#1507=AXIS2_PLACEMENT_3D('',#2471,#1788,#1789);
#1508=AXIS2_PLACEMENT_3D('',#2472,#1790,#1791);
#1509=AXIS2_PLACEMENT_3D('',#2473,#1792,#1793);
#1510=DIRECTION('',(0.,0.,1.));
#1511=DIRECTION('',(1.,0.,0.));
#1512=DIRECTION('',(1.,-1.89242561015651E-16,0.));
#1513=DIRECTION('',(1.89242561015651E-16,1.,0.));
#1514=DIRECTION('',(1.89242561015651E-16,1.,0.));
#1515=DIRECTION('',(0.,0.,1.));
#1516=DIRECTION('',(0.,0.,-1.));
#1517=DIRECTION('',(-1.89242561015651E-16,-1.,0.));
#1518=DIRECTION('',(0.,0.,-1.));
#1519=DIRECTION('',(1.89242561015651E-16,1.,0.));
#1520=DIRECTION('',(0.,0.,1.));
#1521=DIRECTION('',(-1.89242561015651E-16,-1.,0.));
#1522=DIRECTION('',(0.,0.,-1.));
#1523=DIRECTION('',(1.89242561015651E-16,1.,0.));
#1524=DIRECTION('',(0.,0.,1.));
#1525=DIRECTION('',(-1.89242561015651E-16,-1.,0.));
#1526=DIRECTION('',(0.,0.,-1.));
#1527=DIRECTION('',(0.,0.,1.));
#1528=DIRECTION('',(-1.89242561015651E-16,-1.,0.));
#1529=DIRECTION('',(0.,0.,-1.));
#1530=DIRECTION('',(-1.89242561015651E-16,-1.,0.));
#1531=DIRECTION('',(1.,6.67201336914157E-17,0.));
#1532=DIRECTION('',(-6.67201336914157E-17,1.,0.));
#1533=DIRECTION('',(0.,0.,1.));
#1534=DIRECTION('',(6.67201336914157E-17,-1.,0.));
#1535=DIRECTION('',(0.,0.,-1.));
#1536=DIRECTION('',(6.67201336914157E-17,-1.,0.));
#1537=DIRECTION('',(1.,6.67201336914157E-17,0.));
#1538=DIRECTION('',(-6.67201336914157E-17,1.,0.));
#1539=DIRECTION('',(6.67201336914157E-17,-1.,0.));
#1540=DIRECTION('',(0.,0.,1.));
#1541=DIRECTION('',(6.67201336914157E-17,-1.,0.));
#1542=DIRECTION('',(0.,0.,-1.));
#1543=DIRECTION('',(1.,-1.89242561015651E-16,0.));
#1544=DIRECTION('',(1.89242561015651E-16,1.,0.));
#1545=DIRECTION('',(-1.89242561015651E-16,-1.,0.));
#1546=DIRECTION('',(0.,0.,1.));
#1547=DIRECTION('',(-1.89242561015651E-16,-1.,0.));
#1548=DIRECTION('',(0.,0.,-1.));
#1549=DIRECTION('',(0.,0.,1.));
#1550=DIRECTION('',(1.,0.,0.));
#1551=DIRECTION('',(-1.,0.,0.));
#1552=DIRECTION('',(-1.89242561015651E-16,-1.,0.));
#1553=DIRECTION('',(1.,0.,0.));
#1554=DIRECTION('',(-1.89242561015651E-16,-1.,0.));
#1555=DIRECTION('',(-1.,0.,0.));
#1556=DIRECTION('',(-7.58929662463877E-17,-1.,0.));
#1557=DIRECTION('',(-1.,0.,0.));
#1558=DIRECTION('',(-7.58929662463877E-17,-1.,0.));
#1559=DIRECTION('',(0.,0.,1.));
#1560=DIRECTION('',(1.,0.,0.));
#1561=DIRECTION('',(-1.,0.,0.));
#1562=DIRECTION('',(-7.58929662463877E-17,-1.,0.));
#1563=DIRECTION('',(-1.,0.,0.));
#1564=DIRECTION('',(-7.58929662463877E-17,-1.,0.));
#1565=DIRECTION('',(-1.,0.,0.));
#1566=DIRECTION('',(-1.,0.,0.));
#1567=DIRECTION('',(-1.89242561015651E-16,-1.,0.));
#1568=DIRECTION('',(1.,-1.89242561015651E-16,0.));
#1569=DIRECTION('',(0.,1.,0.));
#1570=DIRECTION('',(0.,0.,1.));
#1571=DIRECTION('',(0.,-1.,0.));
#1572=DIRECTION('',(0.,0.,-1.));
#1573=DIRECTION('',(1.89242561015651E-16,1.,0.));
#1574=DIRECTION('',(-1.,1.89242561015651E-16,0.));
#1575=DIRECTION('',(0.,1.,0.));
#1576=DIRECTION('',(0.,0.,1.));
#1577=DIRECTION('',(0.,-1.,0.));
#1578=DIRECTION('',(0.,0.,-1.));
#1579=DIRECTION('',(1.89242561015651E-16,1.,0.));
#1580=DIRECTION('',(-1.,1.89242561015651E-16,0.));
#1581=DIRECTION('',(6.67201336914157E-17,-1.,0.));
#1582=DIRECTION('',(0.,1.,0.));
#1583=DIRECTION('',(0.,0.,1.));
#1584=DIRECTION('',(0.,-1.,0.));
#1585=DIRECTION('',(0.,0.,-1.));
#1586=DIRECTION('',(-1.89242561015651E-16,-1.,0.));
#1587=DIRECTION('',(1.,-1.89242561015651E-16,0.));
#1588=DIRECTION('',(0.,1.,0.));
#1589=DIRECTION('',(0.,0.,1.));
#1590=DIRECTION('',(6.67201336914157E-17,-1.,0.));
#1591=DIRECTION('',(0.,-1.,0.));
#1592=DIRECTION('',(0.,0.,-1.));
#1593=DIRECTION('',(0.,0.,1.));
#1594=DIRECTION('',(1.,0.,0.));
#1595=DIRECTION('',(-1.,0.,0.));
#1596=DIRECTION('',(0.,-1.,0.));
#1597=DIRECTION('',(-1.,0.,0.));
#1598=DIRECTION('',(0.,-1.,0.));
#1599=DIRECTION('',(-1.,0.,0.));
#1600=DIRECTION('',(-1.,0.,0.));
#1601=DIRECTION('',(0.,0.,1.));
#1602=DIRECTION('',(1.,0.,0.));
#1603=DIRECTION('',(-1.,0.,0.));
#1604=DIRECTION('',(-1.,0.,0.));
#1605=DIRECTION('',(-1.,0.,0.));
#1606=DIRECTION('',(0.,-1.,0.));
#1607=DIRECTION('',(-1.,0.,0.));
#1608=DIRECTION('',(0.,-1.,0.));
#1609=DIRECTION('',(0.,-1.,0.));
#1610=DIRECTION('',(0.,0.,-1.));
#1611=DIRECTION('',(0.,1.,0.));
#1612=DIRECTION('',(0.,0.,1.));
#1613=DIRECTION('',(1.,0.,0.));
#1614=DIRECTION('',(0.,0.,-1.));
#1615=DIRECTION('',(1.,0.,0.));
#1616=DIRECTION('',(0.,0.,-1.));
#1617=DIRECTION('',(1.,-7.58929662463877E-17,0.));
#1618=DIRECTION('',(7.58929662463877E-17,1.,0.));
#1619=DIRECTION('',(0.,0.,-1.));
#1620=DIRECTION('',(0.,0.,-1.));
#1621=DIRECTION('',(0.,-1.,0.));
#1622=DIRECTION('',(0.,0.,-1.));
#1623=DIRECTION('',(0.,0.,-1.));
#1624=DIRECTION('',(1.,-7.58929662463877E-17,0.));
#1625=DIRECTION('',(7.58929662463877E-17,1.,0.));
#1626=DIRECTION('',(0.,0.,-1.));
#1627=DIRECTION('',(0.,0.,-1.));
#1628=DIRECTION('',(-1.,0.,0.));
#1629=DIRECTION('',(0.,0.,-1.));
#1630=DIRECTION('',(-1.,0.,0.));
#1631=DIRECTION('',(-1.,0.,0.));
#1632=DIRECTION('',(0.,0.,1.));
#1633=DIRECTION('',(1.,0.,0.));
#1634=DIRECTION('',(0.,0.,-1.));
#1635=DIRECTION('',(1.,0.,0.));
#1636=DIRECTION('',(0.,0.,-1.));
#1637=DIRECTION('',(0.,0.,-1.));
#1638=DIRECTION('',(-1.,0.,0.));
#1639=DIRECTION('',(0.,0.,1.));
#1640=DIRECTION('',(1.,0.,0.));
#1641=DIRECTION('',(0.,0.,-1.));
#1642=DIRECTION('',(-1.,0.,0.));
#1643=DIRECTION('',(0.,-8.67361737988403E-16,-1.));
#1644=DIRECTION('',(0.,1.,-8.67361737988403E-16));
#1645=DIRECTION('',(-1.,0.,0.));
#1646=DIRECTION('',(0.,0.,1.));
#1647=DIRECTION('',(-1.,0.,0.));
#1648=DIRECTION('',(0.,0.,1.));
#1649=DIRECTION('',(0.,0.,1.));
#1650=DIRECTION('',(1.,0.,0.));
#1651=DIRECTION('',(0.,0.,1.));
#1652=DIRECTION('',(1.,0.,0.));
#1653=DIRECTION('',(-1.,0.,0.));
#1654=DIRECTION('',(0.,0.,1.));
#1655=DIRECTION('',(1.,0.,0.));
#1656=DIRECTION('',(0.,0.,-1.));
#1657=DIRECTION('',(0.,-1.,0.));
#1658=DIRECTION('',(0.,0.,-1.));
#1659=DIRECTION('',(1.,0.,0.));
#1660=DIRECTION('',(0.,0.,-1.));
#1661=DIRECTION('',(0.,0.,-1.));
#1662=DIRECTION('',(0.,0.,-1.));
#1663=DIRECTION('',(0.,-1.,0.));
#1664=DIRECTION('',(0.,0.,-1.));
#1665=DIRECTION('',(0.,0.,-1.));
#1666=DIRECTION('',(1.,0.,0.));
#1667=DIRECTION('',(0.,0.,-1.));
#1668=DIRECTION('',(0.,0.,-1.));
#1669=DIRECTION('',(-1.89242561015651E-16,-1.,0.));
#1670=DIRECTION('',(1.,-1.89242561015651E-16,0.));
#1671=DIRECTION('',(0.,0.,1.));
#1672=DIRECTION('',(-1.,1.89242561015651E-16,0.));
#1673=DIRECTION('',(0.,0.,1.));
#1674=DIRECTION('',(-1.,1.89242561015651E-16,0.));
#1675=DIRECTION('',(0.,0.,-1.));
#1676=DIRECTION('',(-1.,0.,0.));
#1677=DIRECTION('',(-1.89242561015651E-16,-1.,0.));
#1678=DIRECTION('',(-1.,1.89242561015651E-16,0.));
#1679=DIRECTION('',(-1.89242561015651E-16,-1.,0.));
#1680=DIRECTION('',(1.89242561015651E-16,1.,0.));
#1681=DIRECTION('',(-1.,1.89242561015651E-16,0.));
#1682=DIRECTION('',(0.,0.,-1.));
#1683=DIRECTION('',(-1.,1.89242561015651E-16,0.));
#1684=DIRECTION('',(0.,0.,-1.));
#1685=DIRECTION('',(-1.,1.89242561015651E-16,0.));
#1686=DIRECTION('',(-1.,1.89242561015651E-16,0.));
#1687=DIRECTION('',(-1.,1.89242561015651E-16,0.));
#1688=DIRECTION('',(0.,0.,1.));
#1689=DIRECTION('',(1.,0.,0.));
#1690=DIRECTION('',(1.89242561015651E-16,1.,0.));
#1691=DIRECTION('',(-1.,1.89242561015651E-16,0.));
#1692=DIRECTION('',(1.89242561015651E-16,1.,0.));
#1693=DIRECTION('',(-1.,1.89242561015651E-16,0.));
#1694=DIRECTION('',(-1.,1.89242561015651E-16,0.));
#1695=DIRECTION('',(0.,0.,1.));
#1696=DIRECTION('',(1.,0.,0.));
#1697=DIRECTION('',(-1.,1.89242561015651E-16,0.));
#1698=DIRECTION('',(1.89242561015651E-16,1.,0.));
#1699=DIRECTION('',(-1.,1.89242561015651E-16,0.));
#1700=DIRECTION('',(1.89242561015651E-16,1.,0.));
#1701=DIRECTION('',(-1.,1.89242561015651E-16,0.));
#1702=DIRECTION('',(-1.,1.89242561015651E-16,0.));
#1703=DIRECTION('',(0.,0.,-1.));
#1704=DIRECTION('',(-1.,1.89242561015651E-16,0.));
#1705=DIRECTION('',(-1.,1.89242561015651E-16,0.));
#1706=DIRECTION('',(-1.,1.89242561015651E-16,0.));
#1707=DIRECTION('',(0.,0.,-1.));
#1708=DIRECTION('',(-1.,0.,0.));
#1709=DIRECTION('',(-1.,1.89242561015651E-16,0.));
#1710=DIRECTION('',(-1.89242561015651E-16,-1.,0.));
#1711=DIRECTION('',(-1.,1.89242561015651E-16,0.));
#1712=DIRECTION('',(-1.,1.89242561015651E-16,0.));
#1713=DIRECTION('',(-1.,1.89242561015651E-16,0.));
#1714=DIRECTION('',(-1.89242561015651E-16,-1.,0.));
#1715=DIRECTION('',(1.,-1.89242561015651E-16,0.));
#1716=DIRECTION('',(0.,0.,1.));
#1717=DIRECTION('',(-1.,1.89242561015651E-16,0.));
#1718=DIRECTION('',(-1.89242561015651E-16,-1.,0.));
#1719=DIRECTION('',(0.,0.,1.));
#1720=DIRECTION('',(1.,0.,0.));
#1721=DIRECTION('',(-1.,1.89242561015651E-16,0.));
#1722=DIRECTION('',(1.89242561015651E-16,1.,0.));
#1723=DIRECTION('',(-1.,1.89242561015651E-16,0.));
#1724=DIRECTION('',(1.89242561015651E-16,1.,0.));
#1725=DIRECTION('',(-1.,1.89242561015651E-16,0.));
#1726=DIRECTION('',(-1.,1.89242561015651E-16,0.));
#1727=DIRECTION('',(0.,0.,-1.));
#1728=DIRECTION('',(0.,0.,-1.));
#1729=DIRECTION('',(-1.,0.,0.));
#1730=DIRECTION('',(-1.,1.89242561015651E-16,0.));
#1731=DIRECTION('',(-1.89242561015651E-16,-1.,0.));
#1732=DIRECTION('',(-1.89242561015651E-16,-1.,0.));
#1733=DIRECTION('',(1.,-1.89242561015651E-16,0.));
#1734=DIRECTION('',(0.,0.,1.));
#1735=DIRECTION('',(-1.,1.89242561015651E-16,0.));
#1736=DIRECTION('',(-1.89242561015651E-16,-1.,0.));
#1737=DIRECTION('',(-1.89242561015651E-16,-1.,0.));
#1738=DIRECTION('',(1.,-1.89242561015651E-16,0.));
#1739=DIRECTION('',(0.,0.,1.));
#1740=DIRECTION('',(-1.,1.89242561015651E-16,0.));
#1741=DIRECTION('',(0.,0.,1.));
#1742=DIRECTION('',(-1.,1.89242561015651E-16,0.));
#1743=DIRECTION('',(0.,0.,-1.));
#1744=DIRECTION('',(-1.,0.,0.));
#1745=DIRECTION('',(-1.89242561015651E-16,-1.,0.));
#1746=DIRECTION('',(-1.,1.89242561015651E-16,0.));
#1747=DIRECTION('',(-1.89242561015651E-16,-1.,0.));
#1748=DIRECTION('',(1.89242561015651E-16,1.,0.));
#1749=DIRECTION('',(-1.,1.89242561015651E-16,0.));
#1750=DIRECTION('',(0.,0.,-1.));
#1751=DIRECTION('',(-1.,1.89242561015651E-16,0.));
#1752=DIRECTION('',(0.,0.,-1.));
#1753=DIRECTION('',(-1.,1.89242561015651E-16,0.));
#1754=DIRECTION('',(-1.,1.89242561015651E-16,0.));
#1755=DIRECTION('',(-1.,1.89242561015651E-16,0.));
#1756=DIRECTION('',(-1.,1.89242561015651E-16,0.));
#1757=DIRECTION('',(-1.,1.89242561015651E-16,0.));
#1758=DIRECTION('',(0.,0.,1.));
#1759=DIRECTION('',(1.,0.,0.));
#1760=DIRECTION('',(-1.,1.89242561015651E-16,0.));
#1761=DIRECTION('',(1.89242561015651E-16,1.,0.));
#1762=DIRECTION('',(-1.,1.89242561015651E-16,0.));
#1763=DIRECTION('',(1.89242561015651E-16,1.,0.));
#1764=DIRECTION('',(-1.,1.89242561015651E-16,0.));
#1765=DIRECTION('',(-1.,1.89242561015651E-16,0.));
#1766=DIRECTION('',(0.,0.,-1.));
#1767=DIRECTION('',(0.,0.,-1.));
#1768=DIRECTION('',(-1.,0.,0.));
#1769=DIRECTION('',(-1.,1.89242561015651E-16,0.));
#1770=DIRECTION('',(-1.89242561015651E-16,-1.,0.));
#1771=DIRECTION('',(1.89242561015651E-16,1.,0.));
#1772=DIRECTION('',(-1.,1.89242561015651E-16,0.));
#1773=DIRECTION('',(-1.,1.89242561015651E-16,0.));
#1774=DIRECTION('',(0.,0.,-1.));
#1775=DIRECTION('',(-1.,1.89242561015651E-16,0.));
#1776=DIRECTION('',(-1.,1.89242561015651E-16,0.));
#1777=DIRECTION('',(-1.,1.89242561015651E-16,0.));
#1778=DIRECTION('',(-1.,1.89242561015651E-16,0.));
#1779=DIRECTION('',(-1.,1.89242561015651E-16,0.));
#1780=DIRECTION('',(-1.,1.89242561015651E-16,0.));
#1781=DIRECTION('',(-1.89242561015651E-16,-1.,0.));
#1782=DIRECTION('',(1.,-1.89242561015651E-16,0.));
#1783=DIRECTION('',(0.,0.,1.));
#1784=DIRECTION('',(-1.,1.89242561015651E-16,0.));
#1785=DIRECTION('',(-1.89242561015651E-16,-1.,0.));
#1786=DIRECTION('',(1.,-1.89242561015651E-16,0.));
#1787=DIRECTION('',(1.89242561015651E-16,1.,0.));
#1788=DIRECTION('',(1.,-1.89242561015651E-16,0.));
#1789=DIRECTION('',(1.89242561015651E-16,1.,0.));
#1790=DIRECTION('',(0.,1.,0.));
#1791=DIRECTION('',(-1.,0.,0.));
#1792=DIRECTION('',(0.,1.,0.));
#1793=DIRECTION('',(-1.,0.,0.));
#1794=CARTESIAN_POINT('',(0.,0.,0.));
#1795=CARTESIAN_POINT('',(-0.03,0.,0.13));
#1796=CARTESIAN_POINT('',(-0.03,0.00241586908316629,0.0300297473448368));
#1797=CARTESIAN_POINT('',(-0.03,-0.0190423207545162,0.0300297473448368));
#1798=CARTESIAN_POINT('',(-0.03,0.0238740589208488,0.0300297473448368));
#1799=CARTESIAN_POINT('',(-0.03,0.0238740589208488,0.0372362883377776));
#1800=CARTESIAN_POINT('',(-0.03,0.0238740589208488,0.0444428293307184));
#1801=CARTESIAN_POINT('',(-0.03,0.0238740589208488,0.0444428293307184));
#1802=CARTESIAN_POINT('',(-0.03,0.0238740589208488,0.0483089460954552));
#1803=CARTESIAN_POINT('',(-0.03,0.0224170213392778,0.0508008115048466));
#1804=CARTESIAN_POINT('',(-0.03,0.0224170213392778,0.0508008115048466));
#1805=CARTESIAN_POINT('',(-0.03,0.0224170213392778,0.0508008115048466));
#1806=CARTESIAN_POINT('',(-0.03,0.0209599837577067,0.0532926769142379));
#1807=CARTESIAN_POINT('',(-0.03,0.0181783665565256,0.0545096344397546));
#1808=CARTESIAN_POINT('',(-0.03,0.0181783665565256,0.0545096344397546));
#1809=CARTESIAN_POINT('',(-0.03,0.0181783665565256,0.0545096344397546));
#1810=CARTESIAN_POINT('',(-0.03,0.0153967493553446,0.0557265919652714));
#1811=CARTESIAN_POINT('',(-0.03,0.0114230104965145,0.0557265919652714));
#1812=CARTESIAN_POINT('',(-0.03,0.0114230104965145,0.0557265919652714));
#1813=CARTESIAN_POINT('',(-0.03,0.0114230104965145,0.0557265919652714));
#1814=CARTESIAN_POINT('',(-0.03,0.00643927967773175,0.0557265919652714));
#1815=CARTESIAN_POINT('',(-0.03,0.00381909561769066,0.0540832853746927));
#1816=CARTESIAN_POINT('',(-0.03,0.00381909561769066,0.0540832853746927));
#1817=CARTESIAN_POINT('',(-0.03,0.00381909561769066,0.0540832853746927));
#1818=CARTESIAN_POINT('',(-0.03,0.00119891155764957,0.052439978784114));
#1819=CARTESIAN_POINT('',(-0.03,0.000193058909008207,0.0496335257150652));
#1820=CARTESIAN_POINT('',(-0.03,0.000193058909008207,0.0496335257150652));
#1821=CARTESIAN_POINT('',(-0.03,0.000193058909008207,0.0496335257150652));
#1822=CARTESIAN_POINT('',(-0.03,-0.000812793739633161,0.0468270726460165));
#1823=CARTESIAN_POINT('',(-0.03,-0.000812793739633161,0.0433252152766725));
#1824=CARTESIAN_POINT('',(-0.03,-0.000812793739633161,0.0433252152766725));
#1825=CARTESIAN_POINT('',(-0.03,-0.000812793739633161,0.0414211320734831));
#1826=CARTESIAN_POINT('',(-0.03,-0.000812793739633161,0.0395170488702936));
#1827=CARTESIAN_POINT('',(-0.03,-0.00992755724707468,0.0395170488702936));
#1828=CARTESIAN_POINT('',(-0.03,-0.0190423207545162,0.0395170488702936));
#1829=CARTESIAN_POINT('',(-0.03,-0.0190423207545162,0.0347733981075652));
#1830=CARTESIAN_POINT('',(-0.03,0.00241586908316629,0.0762244615787366));
#1831=CARTESIAN_POINT('',(-0.03,-0.0190423207545162,0.0762244615787366));
#1832=CARTESIAN_POINT('',(-0.03,0.0238740589208488,0.0762244615787366));
#1833=CARTESIAN_POINT('',(-0.03,0.0238740589208488,0.0816552380191377));
#1834=CARTESIAN_POINT('',(-0.03,0.0238740589208488,0.0870860144595388));
#1835=CARTESIAN_POINT('',(-0.03,0.0238740589208488,0.0870860144595388));
#1836=CARTESIAN_POINT('',(-0.03,0.0238740589208488,0.0926989205976363));
#1837=CARTESIAN_POINT('',(-0.03,0.0224708323863244,0.095828239948965));
#1838=CARTESIAN_POINT('',(-0.03,0.0224708323863244,0.095828239948965));
#1839=CARTESIAN_POINT('',(-0.03,0.0224708323863244,0.095828239948965));
#1840=CARTESIAN_POINT('',(-0.03,0.0210676058518,0.0989575593002937));
#1841=CARTESIAN_POINT('',(-0.03,0.0180748837737436,0.100228327872857));
#1842=CARTESIAN_POINT('',(-0.03,0.0180748837737436,0.100228327872857));
#1843=CARTESIAN_POINT('',(-0.03,0.0180748837737436,0.100228327872857));
#1844=CARTESIAN_POINT('',(-0.03,0.0150821616956872,0.10149909644542));
#1845=CARTESIAN_POINT('',(-0.03,0.0103136750650911,0.10149909644542));
#1846=CARTESIAN_POINT('',(-0.03,0.0103136750650911,0.10149909644542));
#1847=CARTESIAN_POINT('',(-0.03,0.0025234911772596,0.10149909644542));
#1848=CARTESIAN_POINT('',(-0.03,-0.00526669271057189,0.10149909644542));
#1849=CARTESIAN_POINT('',(-0.03,-0.00526669271057189,0.10149909644542));
#1850=CARTESIAN_POINT('',(-0.03,-0.0100848510769034,0.10149909644542));
#1851=CARTESIAN_POINT('',(-0.03,-0.0131313842020064,0.100228327872857));
#1852=CARTESIAN_POINT('',(-0.03,-0.0131313842020064,0.100228327872857));
#1853=CARTESIAN_POINT('',(-0.03,-0.0131313842020064,0.100228327872857));
#1854=CARTESIAN_POINT('',(-0.03,-0.0161779173271095,0.0989575593002937));
#1855=CARTESIAN_POINT('',(-0.03,-0.0176101190408129,0.095857215128144));
#1856=CARTESIAN_POINT('',(-0.03,-0.0176101190408129,0.095857215128144));
#1857=CARTESIAN_POINT('',(-0.03,-0.0176101190408129,0.095857215128144));
#1858=CARTESIAN_POINT('',(-0.03,-0.0190423207545162,0.0927568709559942));
#1859=CARTESIAN_POINT('',(-0.03,-0.0190423207545162,0.0871936365536321));
#1860=CARTESIAN_POINT('',(-0.03,-0.0190423207545162,0.0871936365536321));
#1861=CARTESIAN_POINT('',(-0.03,-0.0190423207545162,0.0817090490661843));
#1862=CARTESIAN_POINT('',(-0.03,0.00241586908316629,0.0603295061434162));
#1863=CARTESIAN_POINT('',(-0.03,-0.0190423207545162,0.0603295061434162));
#1864=CARTESIAN_POINT('',(-0.03,0.0238740589208488,0.0603295061434162));
#1865=CARTESIAN_POINT('',(-0.03,0.0238740589208488,0.0650731569061446));
#1866=CARTESIAN_POINT('',(-0.03,0.0238740589208488,0.0698168076688731));
#1867=CARTESIAN_POINT('',(-0.03,0.00241586908316629,0.0698168076688731));
#1868=CARTESIAN_POINT('',(-0.03,-0.0190423207545162,0.0698168076688731));
#1869=CARTESIAN_POINT('',(-0.03,-0.0190423207545162,0.0650731569061446));
#1870=CARTESIAN_POINT('',(-0.03,0.045715,0.13));
#1871=CARTESIAN_POINT('',(-0.03,0.045715,0.003));
#1872=CARTESIAN_POINT('',(-0.03,0.045715,0.127));
#1873=CARTESIAN_POINT('',(-0.03,0.,0.003));
#1874=CARTESIAN_POINT('',(-0.03,-0.052,0.003));
#1875=CARTESIAN_POINT('',(-0.03,-0.052,0.13));
#1876=CARTESIAN_POINT('',(-0.03,-0.052,0.127));
#1877=CARTESIAN_POINT('',(-0.03,0.055,0.127));
#1878=CARTESIAN_POINT('',(0.027,0.,0.13));
#1879=CARTESIAN_POINT('',(0.027,0.045715,0.13));
#1880=CARTESIAN_POINT('',(0.027,0.045715,0.003));
#1881=CARTESIAN_POINT('',(0.027,0.045715,0.127));
#1882=CARTESIAN_POINT('',(0.027,0.,0.003));
#1883=CARTESIAN_POINT('',(0.027,-0.052,0.003));
#1884=CARTESIAN_POINT('',(0.027,-0.052,0.13));
#1885=CARTESIAN_POINT('',(0.027,-0.052,0.127));
#1886=CARTESIAN_POINT('',(0.027,0.,0.127));
#1887=CARTESIAN_POINT('',(-0.027,0.,0.13));
#1888=CARTESIAN_POINT('',(-0.027,0.,0.003));
#1889=CARTESIAN_POINT('',(-0.027,0.045715,0.003));
#1890=CARTESIAN_POINT('',(-0.027,-0.052,0.003));
#1891=CARTESIAN_POINT('',(-0.027,0.045715,0.13));
#1892=CARTESIAN_POINT('',(-0.027,0.045715,0.127));
#1893=CARTESIAN_POINT('',(-0.027,0.,0.127));
#1894=CARTESIAN_POINT('',(-0.027,-0.052,0.127));
#1895=CARTESIAN_POINT('',(-0.027,-0.052,0.13));
#1896=CARTESIAN_POINT('',(0.03,0.,0.13));
#1897=CARTESIAN_POINT('',(0.03,0.055,0.003));
#1898=CARTESIAN_POINT('',(0.03,-0.052,0.003));
#1899=CARTESIAN_POINT('',(0.03,0.045715,0.003));
#1900=CARTESIAN_POINT('',(0.03,0.045715,0.13));
#1901=CARTESIAN_POINT('',(0.03,0.045715,0.127));
#1902=CARTESIAN_POINT('',(0.03,0.,0.127));
#1903=CARTESIAN_POINT('',(0.03,-0.052,0.127));
#1904=CARTESIAN_POINT('',(0.03,-0.052,0.));
#1905=CARTESIAN_POINT('',(0.,0.,0.));
#1906=CARTESIAN_POINT('',(0.,0.045715,0.));
#1907=CARTESIAN_POINT('',(0.027,0.045715,0.));
#1908=CARTESIAN_POINT('',(0.022155,0.045715,0.));
#1909=CARTESIAN_POINT('',(0.027,-0.055,0.));
#1910=CARTESIAN_POINT('',(0.027,-0.052,0.));
#1911=CARTESIAN_POINT('',(0.,-0.052,0.));
#1912=CARTESIAN_POINT('',(-0.027,-0.052,0.));
#1913=CARTESIAN_POINT('',(-0.027,5.1095491474226E-18,0.));
#1914=CARTESIAN_POINT('',(-0.027,0.045715,0.));
#1915=CARTESIAN_POINT('',(0.,0.045715,0.));
#1916=CARTESIAN_POINT('',(-0.022155,0.045715,0.));
#1917=CARTESIAN_POINT('',(-0.022155,0.,0.));
#1918=CARTESIAN_POINT('',(-0.022155,-0.045715,0.));
#1919=CARTESIAN_POINT('',(0.0147466809073091,-0.045715,0.));
#1920=CARTESIAN_POINT('',(0.022155,-0.045715,0.));
#1921=CARTESIAN_POINT('',(0.022155,0.,0.));
#1922=CARTESIAN_POINT('',(0.,0.,0.003));
#1923=CARTESIAN_POINT('',(0.,0.045715,0.003));
#1924=CARTESIAN_POINT('',(0.022155,0.045715,0.003));
#1925=CARTESIAN_POINT('',(0.022155,0.,0.003));
#1926=CARTESIAN_POINT('',(0.022155,-0.045715,0.003));
#1927=CARTESIAN_POINT('',(0.0147466809073091,-0.045715,0.003));
#1928=CARTESIAN_POINT('',(-0.022155,-0.045715,0.003));
#1929=CARTESIAN_POINT('',(-0.022155,0.,0.003));
#1930=CARTESIAN_POINT('',(-0.022155,0.045715,0.003));
#1931=CARTESIAN_POINT('',(0.,0.045715,0.003));
#1932=CARTESIAN_POINT('',(3.46944695195361E-18,-0.052,0.003));
#1933=CARTESIAN_POINT('',(-0.027,-5.67727683046955E-19,0.003));
#1934=CARTESIAN_POINT('',(-0.027,0.045715,0.003));
#1935=CARTESIAN_POINT('',(-0.027,-0.052,0.003));
#1936=CARTESIAN_POINT('',(0.027,-5.1095491474226E-18,0.003));
#1937=CARTESIAN_POINT('',(0.027,0.045715,0.003));
#1938=CARTESIAN_POINT('',(0.027,-0.052,0.003));
#1939=CARTESIAN_POINT('',(-0.027,5.1095491474226E-18,0.127));
#1940=CARTESIAN_POINT('',(-0.027,0.,0.13));
#1941=CARTESIAN_POINT('',(-0.027,0.045715,0.13));
#1942=CARTESIAN_POINT('',(-0.027,-0.052,0.13));
#1943=CARTESIAN_POINT('',(-0.027,0.045715,0.127));
#1944=CARTESIAN_POINT('',(-0.027,-0.052,0.127));
#1945=CARTESIAN_POINT('',(0.027,5.67727683046955E-19,0.127));
#1946=CARTESIAN_POINT('',(0.027,0.045715,0.127));
#1947=CARTESIAN_POINT('',(0.027,0.045715,0.13));
#1948=CARTESIAN_POINT('',(0.027,0.,0.13));
#1949=CARTESIAN_POINT('',(0.027,-0.052,0.13));
#1950=CARTESIAN_POINT('',(0.027,-0.052,0.127));
#1951=CARTESIAN_POINT('',(0.,0.,0.13));
#1952=CARTESIAN_POINT('',(0.,0.045715,0.13));
#1953=CARTESIAN_POINT('',(0.00733836181461811,0.045715,0.13));
#1954=CARTESIAN_POINT('',(0.00733836181461811,0.,0.13));
#1955=CARTESIAN_POINT('',(0.00733836181461811,-0.045715,0.13));
#1956=CARTESIAN_POINT('',(0.,-0.045715,0.13));
#1957=CARTESIAN_POINT('',(-0.00733836181461811,-0.045715,0.13));
#1958=CARTESIAN_POINT('',(-0.00733836181461811,0.,0.13));
#1959=CARTESIAN_POINT('',(-0.00733836181461811,0.045715,0.13));
#1960=CARTESIAN_POINT('',(0.,0.045715,0.13));
#1961=CARTESIAN_POINT('',(3.46944695195361E-18,-0.052,0.13));
#1962=CARTESIAN_POINT('',(0.,0.,0.127));
#1963=CARTESIAN_POINT('',(0.,0.045715,0.127));
#1964=CARTESIAN_POINT('',(0.00733836181461811,0.045715,0.127));
#1965=CARTESIAN_POINT('',(3.46944695195361E-18,-0.052,0.127));
#1966=CARTESIAN_POINT('',(0.,0.045715,0.127));
#1967=CARTESIAN_POINT('',(-0.00733836181461811,0.045715,0.127));
#1968=CARTESIAN_POINT('',(-0.00733836181461811,0.,0.127));
#1969=CARTESIAN_POINT('',(-0.00733836181461811,-0.045715,0.127));
#1970=CARTESIAN_POINT('',(0.,-0.045715,0.127));
#1971=CARTESIAN_POINT('',(0.00733836181461811,-0.045715,0.127));
#1972=CARTESIAN_POINT('',(0.00733836181461811,0.,0.127));
#1973=CARTESIAN_POINT('',(3.46944695195361E-18,-0.052,0.13));
#1974=CARTESIAN_POINT('',(-6.93889390390723E-18,-0.055,0.13));
#1975=CARTESIAN_POINT('',(-0.03,-0.055,0.127));
#1976=CARTESIAN_POINT('',(0.027,-0.055,0.127));
#1977=CARTESIAN_POINT('',(-0.027,-0.055,0.127));
#1978=CARTESIAN_POINT('',(-0.027,-0.055,0.13));
#1979=CARTESIAN_POINT('',(-0.027,-0.055,0.003));
#1980=CARTESIAN_POINT('',(-6.93889390390723E-18,-0.055,0.003));
#1981=CARTESIAN_POINT('',(0.027,-0.055,0.003));
#1982=CARTESIAN_POINT('',(0.027,-0.055,0.13));
#1983=CARTESIAN_POINT('',(0.022155,0.,0.003));
#1984=CARTESIAN_POINT('',(0.022155,-0.045715,0.003));
#1985=CARTESIAN_POINT('',(0.022155,0.045715,0.003));
#1986=CARTESIAN_POINT('',(0.0147466809073091,-0.045715,0.003));
#1987=CARTESIAN_POINT('',(-0.022155,-0.045715,0.003));
#1988=CARTESIAN_POINT('',(-0.022155,0.,0.003));
#1989=CARTESIAN_POINT('',(-0.022155,0.045715,0.003));
#1990=CARTESIAN_POINT('',(-0.027,-0.052,0.003));
#1991=CARTESIAN_POINT('',(-0.027,-0.052,0.003));
#1992=CARTESIAN_POINT('',(-0.027,-0.052,0.003));
#1993=CARTESIAN_POINT('',(-6.93889390390723E-18,-0.052,0.003));
#1994=CARTESIAN_POINT('',(0.027,-0.052,0.003));
#1995=CARTESIAN_POINT('',(-0.027,-0.052,0.13));
#1996=CARTESIAN_POINT('',(-0.027,-0.052,0.127));
#1997=CARTESIAN_POINT('',(0.027,-0.052,0.003));
#1998=CARTESIAN_POINT('',(0.027,-0.052,0.003));
#1999=CARTESIAN_POINT('',(-0.027,-0.052,0.127));
#2000=CARTESIAN_POINT('',(-0.027,-0.052,0.127));
#2001=CARTESIAN_POINT('',(0.027,-0.052,0.13));
#2002=CARTESIAN_POINT('',(0.027,-0.052,0.127));
#2003=CARTESIAN_POINT('',(0.,-0.052,0.127));
#2004=CARTESIAN_POINT('',(0.027,-0.052,0.127));
#2005=CARTESIAN_POINT('',(0.027,-0.052,0.127));
#2006=CARTESIAN_POINT('',(0.00733836181461811,0.,0.13));
#2007=CARTESIAN_POINT('',(0.00733836181461811,-0.045715,0.13));
#2008=CARTESIAN_POINT('',(0.00733836181461811,0.045715,0.13));
#2009=CARTESIAN_POINT('',(0.,-0.045715,0.13));
#2010=CARTESIAN_POINT('',(-0.00733836181461811,-0.045715,0.13));
#2011=CARTESIAN_POINT('',(-0.00733836181461811,0.,0.13));
#2012=CARTESIAN_POINT('',(-0.00733836181461811,0.045715,0.13));
#2013=CARTESIAN_POINT('',(-0.0295,-0.0124690943922014,0.0864526998289128));
#2014=CARTESIAN_POINT('',(-0.03,-0.0124690943922014,0.0864526998289128));
#2015=CARTESIAN_POINT('',(-0.03,-0.0124690943922014,0.0857117631041934));
#2016=CARTESIAN_POINT('',(-0.03,-0.0124690943922014,0.0871936365536321));
#2017=CARTESIAN_POINT('',(-0.0295,-0.0124690943922014,0.0857117631041934));
#2018=CARTESIAN_POINT('',(-0.0295,-0.0124690943922014,0.0857117631041934));
#2019=CARTESIAN_POINT('',(-0.0295,-0.0124690943922014,0.0864526998289128));
#2020=CARTESIAN_POINT('',(-0.0295,-0.0124690943922014,0.0871936365536321));
#2021=CARTESIAN_POINT('',(-0.0295,-0.0124690943922014,0.0871936365536321));
#2022=CARTESIAN_POINT('',(-0.0295,0.0023910332152986,0.0857117631041934));
#2023=CARTESIAN_POINT('',(-0.03,0.0023910332152986,0.0857117631041934));
#2024=CARTESIAN_POINT('',(-0.03,0.0172511608227986,0.0857117631041934));
#2025=CARTESIAN_POINT('',(-0.0295,0.0172511608227986,0.0857117631041934));
#2026=CARTESIAN_POINT('',(-0.0295,0.0172511608227986,0.0857117631041934));
#2027=CARTESIAN_POINT('',(-0.0295,0.0023910332152986,0.0857117631041934));
#2028=CARTESIAN_POINT('',(-0.0295,0.0172511608227986,0.0864237246497338));
#2029=CARTESIAN_POINT('',(-0.03,0.0172511608227986,0.0864237246497338));
#2030=CARTESIAN_POINT('',(-0.03,0.0172511608227986,0.0871356861952742));
#2031=CARTESIAN_POINT('',(-0.0295,0.0172511608227986,0.0871356861952742));
#2032=CARTESIAN_POINT('',(-0.0295,0.0172511608227986,0.0871356861952742));
#2033=CARTESIAN_POINT('',(-0.0295,0.0172511608227986,0.0864237246497338));
#2034=CARTESIAN_POINT('',(-0.0295,0.0167213289749546,0.0902111944995562));
#2035=CARTESIAN_POINT('',(-0.03,0.0167213289749546,0.0902111944995562));
#2036=CARTESIAN_POINT('',(-0.0295,0.0170745502068506,0.0895737405576189));
#2037=CARTESIAN_POINT('',(-0.03,0.0170745502068506,0.0895737405576189));
#2038=CARTESIAN_POINT('',(-0.0295,0.0172511608227986,0.0885485711228582));
#2039=CARTESIAN_POINT('',(-0.03,0.0172511608227986,0.0885485711228582));
#2040=CARTESIAN_POINT('',(-0.0295,0.0172511608227986,0.0871356861952742));
#2041=CARTESIAN_POINT('',(-0.03,0.0172511608227986,0.0871356861952742));
#2042=CARTESIAN_POINT('',(-0.03,0.0167213289749546,0.0902111944995562));
#2043=CARTESIAN_POINT('',(-0.03,0.0172511608227986,0.0892550135866502));
#2044=CARTESIAN_POINT('',(-0.03,0.0172511608227986,0.0871356861952742));
#2045=CARTESIAN_POINT('',(-0.03,0.0167213289749546,0.0902111944995562));
#2046=CARTESIAN_POINT('',(-0.0295,0.0167213289749546,0.0902111944995562));
#2047=CARTESIAN_POINT('',(-0.0295,0.0167213289749546,0.0902111944995562));
#2048=CARTESIAN_POINT('',(-0.0295,0.0167213289749546,0.0902111944995562));
#2049=CARTESIAN_POINT('',(-0.0295,0.0172511608227986,0.0892550135866502));
#2050=CARTESIAN_POINT('',(-0.0295,0.0172511608227986,0.0871356861952742));
#2051=CARTESIAN_POINT('',(-0.0295,0.0150242113373293,0.0914571272042519));
#2052=CARTESIAN_POINT('',(-0.03,0.0150242113373293,0.0914571272042519));
#2053=CARTESIAN_POINT('',(-0.0295,0.0158024018638501,0.0912639593430588));
#2054=CARTESIAN_POINT('',(-0.03,0.0158024018638501,0.0912639593430588));
#2055=CARTESIAN_POINT('',(-0.0295,0.0163681077430586,0.0908486484414935));
#2056=CARTESIAN_POINT('',(-0.03,0.0163681077430586,0.0908486484414935));
#2057=CARTESIAN_POINT('',(-0.0295,0.0167213289749546,0.0902111944995562));
#2058=CARTESIAN_POINT('',(-0.03,0.0167213289749546,0.0902111944995562));
#2059=CARTESIAN_POINT('',(-0.03,0.0150242113373293,0.0914571272042519));
#2060=CARTESIAN_POINT('',(-0.03,0.0161914971271106,0.0911673754124622));
#2061=CARTESIAN_POINT('',(-0.03,0.0167213289749546,0.0902111944995562));
#2062=CARTESIAN_POINT('',(-0.03,0.0150242113373293,0.0914571272042519));
#2063=CARTESIAN_POINT('',(-0.0295,0.0150242113373293,0.0914571272042519));
#2064=CARTESIAN_POINT('',(-0.0295,0.0150242113373293,0.0914571272042519));
#2065=CARTESIAN_POINT('',(-0.0295,0.0150242113373293,0.0914571272042519));
#2066=CARTESIAN_POINT('',(-0.0295,0.0161914971271106,0.0911673754124622));
#2067=CARTESIAN_POINT('',(-0.0295,0.0167213289749546,0.0902111944995562));
#2068=CARTESIAN_POINT('',(-0.0295,0.0119528423443585,0.0917468789960416));
#2069=CARTESIAN_POINT('',(-0.03,0.0119528423443585,0.0917468789960416));
#2070=CARTESIAN_POINT('',(-0.0295,0.0132222311464848,0.0917468789960416));
#2071=CARTESIAN_POINT('',(-0.03,0.0132222311464848,0.0917468789960416));
#2072=CARTESIAN_POINT('',(-0.0295,0.0142460208108084,0.091650295065445));
#2073=CARTESIAN_POINT('',(-0.03,0.0142460208108084,0.091650295065445));
#2074=CARTESIAN_POINT('',(-0.0295,0.0150242113373293,0.0914571272042519));
#2075=CARTESIAN_POINT('',(-0.03,0.0150242113373293,0.0914571272042519));
#2076=CARTESIAN_POINT('',(-0.03,0.0119528423443585,0.0917468789960416));
#2077=CARTESIAN_POINT('',(-0.03,0.0138569255475479,0.0917468789960416));
#2078=CARTESIAN_POINT('',(-0.03,0.0150242113373293,0.0914571272042519));
#2079=CARTESIAN_POINT('',(-0.03,0.0119528423443585,0.0917468789960416));
#2080=CARTESIAN_POINT('',(-0.0295,0.0119528423443585,0.0917468789960416));
#2081=CARTESIAN_POINT('',(-0.0295,0.0119528423443585,0.0917468789960416));
#2082=CARTESIAN_POINT('',(-0.0295,0.0119528423443585,0.0917468789960416));
#2083=CARTESIAN_POINT('',(-0.0295,0.0138569255475479,0.0917468789960416));
#2084=CARTESIAN_POINT('',(-0.0295,0.0150242113373293,0.0914571272042519));
#2085=CARTESIAN_POINT('',(-0.0295,0.00260213809217395,0.0917468789960416));
#2086=CARTESIAN_POINT('',(-0.03,0.00260213809217395,0.0917468789960416));
#2087=CARTESIAN_POINT('',(-0.03,-0.00674856616001061,0.0917468789960416));
#2088=CARTESIAN_POINT('',(-0.0295,-0.00674856616001061,0.0917468789960416));
#2089=CARTESIAN_POINT('',(-0.0295,-0.00674856616001061,0.0917468789960416));
#2090=CARTESIAN_POINT('',(-0.0295,0.00260213809217395,0.0917468789960416));
#2091=CARTESIAN_POINT('',(-0.0295,-0.00993169655838596,0.0915109382512986));
#2092=CARTESIAN_POINT('',(-0.03,-0.00993169655838596,0.0915109382512986));
#2093=CARTESIAN_POINT('',(-0.0295,-0.00908451751001038,0.0916682320811272));
#2094=CARTESIAN_POINT('',(-0.03,-0.00908451751001038,0.0916682320811272));
#2095=CARTESIAN_POINT('',(-0.0295,-0.00802347404388526,0.0917468789960416));
#2096=CARTESIAN_POINT('',(-0.03,-0.00802347404388526,0.0917468789960416));
#2097=CARTESIAN_POINT('',(-0.0295,-0.00674856616001061,0.0917468789960416));
#2098=CARTESIAN_POINT('',(-0.03,-0.00674856616001061,0.0917468789960416));
#2099=CARTESIAN_POINT('',(-0.03,-0.00993169655838596,0.0915109382512986));
#2100=CARTESIAN_POINT('',(-0.03,-0.00866092798582259,0.0917468789960416));
#2101=CARTESIAN_POINT('',(-0.03,-0.00674856616001061,0.0917468789960416));
#2102=CARTESIAN_POINT('',(-0.03,-0.00993169655838596,0.0915109382512986));
#2103=CARTESIAN_POINT('',(-0.0295,-0.00993169655838596,0.0915109382512986));
#2104=CARTESIAN_POINT('',(-0.0295,-0.00993169655838596,0.0915109382512986));
#2105=CARTESIAN_POINT('',(-0.0295,-0.00993169655838596,0.0915109382512986));
#2106=CARTESIAN_POINT('',(-0.0295,-0.00866092798582259,0.0917468789960416));
#2107=CARTESIAN_POINT('',(-0.0295,-0.00674856616001061,0.0917468789960416));
#2108=CARTESIAN_POINT('',(-0.0295,-0.0118357797615754,0.0903188165936495));
#2109=CARTESIAN_POINT('',(-0.03,-0.0118357797615754,0.0903188165936495));
#2110=CARTESIAN_POINT('',(-0.0295,-0.0114135700078247,0.0909562705355868));
#2111=CARTESIAN_POINT('',(-0.03,-0.0114135700078247,0.0909562705355868));
#2112=CARTESIAN_POINT('',(-0.0295,-0.0107788756067615,0.0913536444214699));
#2113=CARTESIAN_POINT('',(-0.03,-0.0107788756067615,0.0913536444214699));
#2114=CARTESIAN_POINT('',(-0.0295,-0.00993169655838596,0.0915109382512986));
#2115=CARTESIAN_POINT('',(-0.03,-0.00993169655838596,0.0915109382512986));
#2116=CARTESIAN_POINT('',(-0.03,-0.0118357797615754,0.0903188165936495));
#2117=CARTESIAN_POINT('',(-0.03,-0.0112024651309493,0.0912749975065555));
#2118=CARTESIAN_POINT('',(-0.03,-0.00993169655838596,0.0915109382512986));
#2119=CARTESIAN_POINT('',(-0.03,-0.0118357797615754,0.0903188165936495));
#2120=CARTESIAN_POINT('',(-0.0295,-0.0118357797615754,0.0903188165936495));
#2121=CARTESIAN_POINT('',(-0.0295,-0.0118357797615754,0.0903188165936495));
#2122=CARTESIAN_POINT('',(-0.0295,-0.0118357797615754,0.0903188165936495));
#2123=CARTESIAN_POINT('',(-0.0295,-0.0112024651309493,0.0912749975065555));
#2124=CARTESIAN_POINT('',(-0.0295,-0.00993169655838596,0.0915109382512986));
#2125=CARTESIAN_POINT('',(-0.0295,0.00241586908316629,0.0762244615787366));
#2126=CARTESIAN_POINT('',(-0.0295,-0.0190423207545162,0.0762244615787366));
#2127=CARTESIAN_POINT('',(-0.0295,-0.0190423207545162,0.0762244615787366));
#2128=CARTESIAN_POINT('',(-0.0295,0.00241586908316629,0.0762244615787366));
#2129=CARTESIAN_POINT('',(-0.0295,0.0238740589208488,0.0762244615787366));
#2130=CARTESIAN_POINT('',(-0.0295,0.0238740589208488,0.0762244615787366));
#2131=CARTESIAN_POINT('',(-0.0295,-0.0190423207545162,0.0817090490661843));
#2132=CARTESIAN_POINT('',(-0.0295,-0.0190423207545162,0.0871936365536321));
#2133=CARTESIAN_POINT('',(-0.0295,-0.0190423207545162,0.0871936365536321));
#2134=CARTESIAN_POINT('',(-0.0295,-0.0190423207545162,0.0817090490661843));
#2135=CARTESIAN_POINT('',(-0.0295,-0.0176101190408129,0.095857215128144));
#2136=CARTESIAN_POINT('',(-0.03,-0.0176101190408129,0.095857215128144));
#2137=CARTESIAN_POINT('',(-0.0295,-0.0185649201832818,0.0937903190133775));
#2138=CARTESIAN_POINT('',(-0.03,-0.0185649201832818,0.0937903190133775));
#2139=CARTESIAN_POINT('',(-0.0295,-0.0190423207545162,0.0909024594885402));
#2140=CARTESIAN_POINT('',(-0.03,-0.0190423207545162,0.0909024594885402));
#2141=CARTESIAN_POINT('',(-0.0295,-0.0190423207545162,0.0871936365536321));
#2142=CARTESIAN_POINT('',(-0.03,-0.0190423207545162,0.0871936365536321));
#2143=CARTESIAN_POINT('',(-0.0295,-0.0176101190408129,0.095857215128144));
#2144=CARTESIAN_POINT('',(-0.0295,-0.0176101190408129,0.095857215128144));
#2145=CARTESIAN_POINT('',(-0.0295,-0.0176101190408129,0.095857215128144));
#2146=CARTESIAN_POINT('',(-0.0295,-0.0190423207545162,0.0927568709559942));
#2147=CARTESIAN_POINT('',(-0.0295,-0.0190423207545162,0.0871936365536321));
#2148=CARTESIAN_POINT('',(-0.0295,-0.0131313842020064,0.100228327872857));
#2149=CARTESIAN_POINT('',(-0.03,-0.0131313842020064,0.100228327872857));
#2150=CARTESIAN_POINT('',(-0.0295,-0.0151624062854085,0.0993811488244815));
#2151=CARTESIAN_POINT('',(-0.03,-0.0151624062854085,0.0993811488244815));
#2152=CARTESIAN_POINT('',(-0.0295,-0.016655317898344,0.0979241112429105));
#2153=CARTESIAN_POINT('',(-0.03,-0.016655317898344,0.0979241112429105));
#2154=CARTESIAN_POINT('',(-0.0295,-0.0176101190408129,0.095857215128144));
#2155=CARTESIAN_POINT('',(-0.03,-0.0176101190408129,0.095857215128144));
#2156=CARTESIAN_POINT('',(-0.0295,-0.0131313842020064,0.100228327872857));
#2157=CARTESIAN_POINT('',(-0.0295,-0.0131313842020064,0.100228327872857));
#2158=CARTESIAN_POINT('',(-0.0295,-0.0131313842020064,0.100228327872857));
#2159=CARTESIAN_POINT('',(-0.0295,-0.0161779173271095,0.0989575593002937));
#2160=CARTESIAN_POINT('',(-0.0295,-0.0176101190408129,0.095857215128144));
#2161=CARTESIAN_POINT('',(-0.0295,-0.00526669271057189,0.10149909644542));
#2162=CARTESIAN_POINT('',(-0.03,-0.00526669271057189,0.10149909644542));
#2163=CARTESIAN_POINT('',(-0.0295,-0.0084787982881262,0.10149909644542));
#2164=CARTESIAN_POINT('',(-0.03,-0.0084787982881262,0.10149909644542));
#2165=CARTESIAN_POINT('',(-0.0295,-0.0111003621186044,0.101075506921233));
#2166=CARTESIAN_POINT('',(-0.03,-0.0111003621186044,0.101075506921233));
#2167=CARTESIAN_POINT('',(-0.0295,-0.0131313842020064,0.100228327872857));
#2168=CARTESIAN_POINT('',(-0.03,-0.0131313842020064,0.100228327872857));
#2169=CARTESIAN_POINT('',(-0.0295,-0.00526669271057189,0.10149909644542));
#2170=CARTESIAN_POINT('',(-0.0295,-0.00526669271057189,0.10149909644542));
#2171=CARTESIAN_POINT('',(-0.0295,-0.00526669271057189,0.10149909644542));
#2172=CARTESIAN_POINT('',(-0.0295,-0.0100848510769034,0.10149909644542));
#2173=CARTESIAN_POINT('',(-0.0295,-0.0131313842020064,0.100228327872857));
#2174=CARTESIAN_POINT('',(-0.0295,0.0025234911772596,0.10149909644542));
#2175=CARTESIAN_POINT('',(-0.0295,0.0103136750650911,0.10149909644542));
#2176=CARTESIAN_POINT('',(-0.0295,0.0103136750650911,0.10149909644542));
#2177=CARTESIAN_POINT('',(-0.0295,0.0025234911772596,0.10149909644542));
#2178=CARTESIAN_POINT('',(-0.0295,0.0180748837737436,0.100228327872857));
#2179=CARTESIAN_POINT('',(-0.03,0.0180748837737436,0.100228327872857));
#2180=CARTESIAN_POINT('',(-0.0295,0.016079735721706,0.101075506921233));
#2181=CARTESIAN_POINT('',(-0.03,0.016079735721706,0.101075506921233));
#2182=CARTESIAN_POINT('',(-0.0295,0.0134926661521552,0.10149909644542));
#2183=CARTESIAN_POINT('',(-0.03,0.0134926661521552,0.10149909644542));
#2184=CARTESIAN_POINT('',(-0.0295,0.0103136750650911,0.10149909644542));
#2185=CARTESIAN_POINT('',(-0.03,0.0103136750650911,0.10149909644542));
#2186=CARTESIAN_POINT('',(-0.0295,0.0180748837737436,0.100228327872857));
#2187=CARTESIAN_POINT('',(-0.0295,0.0180748837737436,0.100228327872857));
#2188=CARTESIAN_POINT('',(-0.0295,0.0180748837737436,0.100228327872857));
#2189=CARTESIAN_POINT('',(-0.0295,0.0150821616956872,0.10149909644542));
#2190=CARTESIAN_POINT('',(-0.0295,0.0103136750650911,0.10149909644542));
#2191=CARTESIAN_POINT('',(-0.0295,0.0224708323863244,0.095828239948965));
#2192=CARTESIAN_POINT('',(-0.03,0.0224708323863244,0.095828239948965));
#2193=CARTESIAN_POINT('',(-0.0295,0.0215353480299748,0.0979144528498508));
#2194=CARTESIAN_POINT('',(-0.03,0.0215353480299748,0.0979144528498508));
#2195=CARTESIAN_POINT('',(-0.0295,0.0200700318257812,0.0993811488244815));
#2196=CARTESIAN_POINT('',(-0.03,0.0200700318257812,0.0993811488244815));
#2197=CARTESIAN_POINT('',(-0.0295,0.0180748837737436,0.100228327872857));
#2198=CARTESIAN_POINT('',(-0.03,0.0180748837737436,0.100228327872857));
#2199=CARTESIAN_POINT('',(-0.0295,0.0224708323863244,0.095828239948965));
#2200=CARTESIAN_POINT('',(-0.0295,0.0224708323863244,0.095828239948965));
#2201=CARTESIAN_POINT('',(-0.0295,0.0224708323863244,0.095828239948965));
#2202=CARTESIAN_POINT('',(-0.0295,0.0210676058518,0.0989575593002937));
#2203=CARTESIAN_POINT('',(-0.0295,0.0180748837737436,0.100228327872857));
#2204=CARTESIAN_POINT('',(-0.0295,0.0238740589208488,0.0870860144595388));
#2205=CARTESIAN_POINT('',(-0.03,0.0238740589208488,0.0870860144595388));
#2206=CARTESIAN_POINT('',(-0.0295,0.0238740589208488,0.0908279518849371));
#2207=CARTESIAN_POINT('',(-0.03,0.0238740589208488,0.0908279518849371));
#2208=CARTESIAN_POINT('',(-0.0295,0.023406316742674,0.0937420270480792));
#2209=CARTESIAN_POINT('',(-0.03,0.023406316742674,0.0937420270480792));
#2210=CARTESIAN_POINT('',(-0.0295,0.0224708323863244,0.095828239948965));
#2211=CARTESIAN_POINT('',(-0.03,0.0224708323863244,0.095828239948965));
#2212=CARTESIAN_POINT('',(-0.0295,0.0238740589208488,0.0870860144595388));
#2213=CARTESIAN_POINT('',(-0.0295,0.0238740589208488,0.0870860144595388));
#2214=CARTESIAN_POINT('',(-0.0295,0.0238740589208488,0.0870860144595388));
#2215=CARTESIAN_POINT('',(-0.0295,0.0238740589208488,0.0926989205976363));
#2216=CARTESIAN_POINT('',(-0.0295,0.0224708323863244,0.095828239948965));
#2217=CARTESIAN_POINT('',(-0.0295,0.0238740589208488,0.0816552380191377));
#2218=CARTESIAN_POINT('',(-0.0295,0.0238740589208488,0.0816552380191377));
#2219=CARTESIAN_POINT('',(-0.0295,-0.0124690943922014,0.0871936365536321));
#2220=CARTESIAN_POINT('',(-0.03,-0.0124690943922014,0.0871936365536321));
#2221=CARTESIAN_POINT('',(-0.0295,-0.0124690943922014,0.0886396359717064));
#2222=CARTESIAN_POINT('',(-0.03,-0.0124690943922014,0.0886396359717064));
#2223=CARTESIAN_POINT('',(-0.0295,-0.0122579895153261,0.0896813626517122));
#2224=CARTESIAN_POINT('',(-0.03,-0.0122579895153261,0.0896813626517122));
#2225=CARTESIAN_POINT('',(-0.0295,-0.0118357797615754,0.0903188165936495));
#2226=CARTESIAN_POINT('',(-0.03,-0.0118357797615754,0.0903188165936495));
#2227=CARTESIAN_POINT('',(-0.03,-0.0124690943922014,0.0871936365536321));
#2228=CARTESIAN_POINT('',(-0.03,-0.0124690943922014,0.0893626356807435));
#2229=CARTESIAN_POINT('',(-0.03,-0.0118357797615754,0.0903188165936495));
#2230=CARTESIAN_POINT('',(-0.0295,-0.0124690943922014,0.0871936365536321));
#2231=CARTESIAN_POINT('',(-0.0295,-0.0124690943922014,0.0893626356807435));
#2232=CARTESIAN_POINT('',(-0.0295,-0.0118357797615754,0.0903188165936495));
#2233=CARTESIAN_POINT('',(-0.0295,-1.3562383539455E-18,0.065));
#2234=CARTESIAN_POINT('',(-0.0295,0.00241586908316629,0.0603295061434162));
#2235=CARTESIAN_POINT('',(-0.0295,-0.0190423207545162,0.0603295061434162));
#2236=CARTESIAN_POINT('',(-0.0295,-0.0190423207545162,0.0603295061434162));
#2237=CARTESIAN_POINT('',(-0.0295,0.00241586908316629,0.0603295061434162));
#2238=CARTESIAN_POINT('',(-0.0295,0.0238740589208488,0.0603295061434162));
#2239=CARTESIAN_POINT('',(-0.0295,0.0238740589208488,0.0603295061434162));
#2240=CARTESIAN_POINT('',(-0.0295,-0.0190423207545162,0.0650731569061446));
#2241=CARTESIAN_POINT('',(-0.0295,-0.0190423207545162,0.0698168076688731));
#2242=CARTESIAN_POINT('',(-0.0295,-0.0190423207545162,0.0698168076688731));
#2243=CARTESIAN_POINT('',(-0.0295,-0.0190423207545162,0.0650731569061446));
#2244=CARTESIAN_POINT('',(-0.0295,0.00241586908316629,0.0698168076688731));
#2245=CARTESIAN_POINT('',(-0.0295,0.0238740589208488,0.0698168076688731));
#2246=CARTESIAN_POINT('',(-0.0295,0.0238740589208488,0.0698168076688731));
#2247=CARTESIAN_POINT('',(-0.0295,0.00241586908316629,0.0698168076688731));
#2248=CARTESIAN_POINT('',(-0.0295,0.0238740589208488,0.0650731569061446));
#2249=CARTESIAN_POINT('',(-0.0295,0.0238740589208488,0.0650731569061446));
#2250=CARTESIAN_POINT('',(-0.0295,-1.3562383539455E-18,0.065));
#2251=CARTESIAN_POINT('',(-0.0295,0.00581010435841699,0.0411065444138256));
#2252=CARTESIAN_POINT('',(-0.03,0.00581010435841699,0.0411065444138256));
#2253=CARTESIAN_POINT('',(-0.03,0.00581010435841699,0.0395170488702936));
#2254=CARTESIAN_POINT('',(-0.03,0.00581010435841699,0.0426960399573577));
#2255=CARTESIAN_POINT('',(-0.0295,0.00581010435841699,0.0395170488702936));
#2256=CARTESIAN_POINT('',(-0.0295,0.00581010435841699,0.0395170488702936));
#2257=CARTESIAN_POINT('',(-0.0295,0.00581010435841699,0.0411065444138256));
#2258=CARTESIAN_POINT('',(-0.0295,0.00581010435841699,0.0426960399573577));
#2259=CARTESIAN_POINT('',(-0.0295,0.00581010435841699,0.0426960399573577));
#2260=CARTESIAN_POINT('',(-0.0295,0.0115057967227401,0.0395170488702936));
#2261=CARTESIAN_POINT('',(-0.03,0.0115057967227401,0.0395170488702936));
#2262=CARTESIAN_POINT('',(-0.03,0.0172014890870632,0.0395170488702936));
#2263=CARTESIAN_POINT('',(-0.0295,0.0172014890870632,0.0395170488702936));
#2264=CARTESIAN_POINT('',(-0.0295,0.0172014890870632,0.0395170488702936));
#2265=CARTESIAN_POINT('',(-0.0295,0.0115057967227401,0.0395170488702936));
#2266=CARTESIAN_POINT('',(-0.0295,0.0172014890870632,0.0410775692346467));
#2267=CARTESIAN_POINT('',(-0.03,0.0172014890870632,0.0410775692346467));
#2268=CARTESIAN_POINT('',(-0.03,0.0172014890870632,0.0426380895989997));
#2269=CARTESIAN_POINT('',(-0.0295,0.0172014890870632,0.0426380895989997));
#2270=CARTESIAN_POINT('',(-0.0295,0.0172014890870632,0.0426380895989997));
#2271=CARTESIAN_POINT('',(-0.0295,0.0172014890870632,0.0410775692346467));
#2272=CARTESIAN_POINT('',(-0.0295,0.0164564130510326,0.0454486819793598));
#2273=CARTESIAN_POINT('',(-0.03,0.0164564130510326,0.0454486819793598));
#2274=CARTESIAN_POINT('',(-0.0295,0.0169531304083864,0.0448498616096611));
#2275=CARTESIAN_POINT('',(-0.03,0.0169531304083864,0.0448498616096611));
#2276=CARTESIAN_POINT('',(-0.0295,0.0172014890870632,0.0439129974828744));
#2277=CARTESIAN_POINT('',(-0.03,0.0172014890870632,0.0439129974828744));
#2278=CARTESIAN_POINT('',(-0.0295,0.0172014890870632,0.0426380895989997));
#2279=CARTESIAN_POINT('',(-0.03,0.0172014890870632,0.0426380895989997));
#2280=CARTESIAN_POINT('',(-0.03,0.0164564130510326,0.0454486819793598));
#2281=CARTESIAN_POINT('',(-0.03,0.0172014890870632,0.0445504514248118));
#2282=CARTESIAN_POINT('',(-0.03,0.0172014890870632,0.0426380895989997));
#2283=CARTESIAN_POINT('',(-0.03,0.0164564130510326,0.0454486819793598));
#2284=CARTESIAN_POINT('',(-0.0295,0.0164564130510326,0.0454486819793598));
#2285=CARTESIAN_POINT('',(-0.0295,0.0164564130510326,0.0454486819793598));
#2286=CARTESIAN_POINT('',(-0.0295,0.0164564130510326,0.0454486819793598));
#2287=CARTESIAN_POINT('',(-0.0295,0.0172014890870632,0.0445504514248118));
#2288=CARTESIAN_POINT('',(-0.0295,0.0172014890870632,0.0426380895989997));
#2289=CARTESIAN_POINT('',(-0.0295,0.0144695436216176,0.0465869925899621));
#2290=CARTESIAN_POINT('',(-0.03,0.0144695436216176,0.0465869925899621));
#2291=CARTESIAN_POINT('',(-0.0295,0.0152974058838738,0.0464269392192592));
#2292=CARTESIAN_POINT('',(-0.03,0.0152974058838738,0.0464269392192592));
#2293=CARTESIAN_POINT('',(-0.0295,0.0159596956936788,0.0460475023490585));
#2294=CARTESIAN_POINT('',(-0.03,0.0159596956936788,0.0460475023490585));
#2295=CARTESIAN_POINT('',(-0.0295,0.0164564130510326,0.0454486819793598));
#2296=CARTESIAN_POINT('',(-0.03,0.0164564130510326,0.0454486819793598));
#2297=CARTESIAN_POINT('',(-0.03,0.0144695436216176,0.0465869925899621));
#2298=CARTESIAN_POINT('',(-0.03,0.0157113370150019,0.0463469125339078));
#2299=CARTESIAN_POINT('',(-0.03,0.0164564130510326,0.0454486819793598));
#2300=CARTESIAN_POINT('',(-0.03,0.0144695436216176,0.0465869925899621));
#2301=CARTESIAN_POINT('',(-0.0295,0.0144695436216176,0.0465869925899621));
#2302=CARTESIAN_POINT('',(-0.0295,0.0144695436216176,0.0465869925899621));
#2303=CARTESIAN_POINT('',(-0.0295,0.0144695436216176,0.0465869925899621));
#2304=CARTESIAN_POINT('',(-0.0295,0.0157113370150019,0.0463469125339078));
#2305=CARTESIAN_POINT('',(-0.0295,0.0164564130510326,0.0454486819793598));
#2306=CARTESIAN_POINT('',(-0.0295,0.0115803043263432,0.0468270726460165));
#2307=CARTESIAN_POINT('',(-0.03,0.0115803043263432,0.0468270726460165));
#2308=CARTESIAN_POINT('',(-0.0295,0.0126786015942698,0.0468270726460165));
#2309=CARTESIAN_POINT('',(-0.03,0.0126786015942698,0.0468270726460165));
#2310=CARTESIAN_POINT('',(-0.0295,0.0136416813593613,0.046747045960665));
#2311=CARTESIAN_POINT('',(-0.03,0.0136416813593613,0.046747045960665));
#2312=CARTESIAN_POINT('',(-0.0295,0.0144695436216176,0.0465869925899621));
#2313=CARTESIAN_POINT('',(-0.03,0.0144695436216176,0.0465869925899621));
#2314=CARTESIAN_POINT('',(-0.03,0.0115803043263432,0.0468270726460165));
#2315=CARTESIAN_POINT('',(-0.03,0.0132277502282332,0.0468270726460165));
#2316=CARTESIAN_POINT('',(-0.03,0.0144695436216176,0.0465869925899621));
#2317=CARTESIAN_POINT('',(-0.03,0.0115803043263432,0.0468270726460165));
#2318=CARTESIAN_POINT('',(-0.0295,0.0115803043263432,0.0468270726460165));
#2319=CARTESIAN_POINT('',(-0.0295,0.0115803043263432,0.0468270726460165));
#2320=CARTESIAN_POINT('',(-0.0295,0.0115803043263432,0.0468270726460165));
#2321=CARTESIAN_POINT('',(-0.0295,0.0132277502282332,0.0468270726460165));
#2322=CARTESIAN_POINT('',(-0.0295,0.0144695436216176,0.0465869925899621));
#2323=CARTESIAN_POINT('',(-0.0295,0.00834750219223245,0.0465331815429155));
#2324=CARTESIAN_POINT('',(-0.03,0.00834750219223245,0.0465331815429155));
#2325=CARTESIAN_POINT('',(-0.0295,0.00919468124060803,0.0467291089449828));
#2326=CARTESIAN_POINT('',(-0.03,0.00919468124060803,0.0467291089449828));
#2327=CARTESIAN_POINT('',(-0.0295,0.0102722819519783,0.0468270726460165));
#2328=CARTESIAN_POINT('',(-0.03,0.0102722819519783,0.0468270726460165));
#2329=CARTESIAN_POINT('',(-0.0295,0.0115803043263432,0.0468270726460165));
#2330=CARTESIAN_POINT('',(-0.03,0.0115803043263432,0.0468270726460165));
#2331=CARTESIAN_POINT('',(-0.03,0.00834750219223245,0.0465331815429155));
#2332=CARTESIAN_POINT('',(-0.03,0.00961827076479582,0.0468270726460165));
#2333=CARTESIAN_POINT('',(-0.03,0.0115803043263432,0.0468270726460165));
#2334=CARTESIAN_POINT('',(-0.03,0.00834750219223245,0.0465331815429155));
#2335=CARTESIAN_POINT('',(-0.0295,0.00834750219223245,0.0465331815429155));
#2336=CARTESIAN_POINT('',(-0.0295,0.00834750219223245,0.0465331815429155));
#2337=CARTESIAN_POINT('',(-0.0295,0.00834750219223245,0.0465331815429155));
#2338=CARTESIAN_POINT('',(-0.0295,0.00961827076479582,0.0468270726460165));
#2339=CARTESIAN_POINT('',(-0.0295,0.0115803043263432,0.0468270726460165));
#2340=CARTESIAN_POINT('',(-0.0295,0.00644341898904304,0.0453410598852665));
#2341=CARTESIAN_POINT('',(-0.03,0.00644341898904304,0.0453410598852665));
#2342=CARTESIAN_POINT('',(-0.0295,0.00686562874279373,0.0459398802549652));
#2343=CARTESIAN_POINT('',(-0.03,0.00686562874279373,0.0459398802549652));
#2344=CARTESIAN_POINT('',(-0.0295,0.00750032314385687,0.0463372541408482));
#2345=CARTESIAN_POINT('',(-0.03,0.00750032314385687,0.0463372541408482));
#2346=CARTESIAN_POINT('',(-0.0295,0.00834750219223245,0.0465331815429155));
#2347=CARTESIAN_POINT('',(-0.03,0.00834750219223245,0.0465331815429155));
#2348=CARTESIAN_POINT('',(-0.03,0.00644341898904304,0.0453410598852665));
#2349=CARTESIAN_POINT('',(-0.03,0.00707673361966908,0.0462392904398145));
#2350=CARTESIAN_POINT('',(-0.03,0.00834750219223245,0.0465331815429155));
#2351=CARTESIAN_POINT('',(-0.03,0.00644341898904304,0.0453410598852665));
#2352=CARTESIAN_POINT('',(-0.0295,0.00644341898904304,0.0453410598852665));
#2353=CARTESIAN_POINT('',(-0.0295,0.00644341898904304,0.0453410598852665));
#2354=CARTESIAN_POINT('',(-0.0295,0.00644341898904304,0.0453410598852665));
#2355=CARTESIAN_POINT('',(-0.0295,0.00707673361966908,0.0462392904398145));
#2356=CARTESIAN_POINT('',(-0.0295,0.00834750219223245,0.0465331815429155));
#2357=CARTESIAN_POINT('',(-0.0295,0.00241586908316629,0.0300297473448368));
#2358=CARTESIAN_POINT('',(-0.0295,-0.0190423207545162,0.0300297473448368));
#2359=CARTESIAN_POINT('',(-0.0295,-0.0190423207545162,0.0300297473448368));
#2360=CARTESIAN_POINT('',(-0.0295,0.00241586908316629,0.0300297473448368));
#2361=CARTESIAN_POINT('',(-0.0295,0.0238740589208488,0.0300297473448368));
#2362=CARTESIAN_POINT('',(-0.0295,0.0238740589208488,0.0300297473448368));
#2363=CARTESIAN_POINT('',(-0.0295,-0.0190423207545162,0.0347733981075652));
#2364=CARTESIAN_POINT('',(-0.0295,-0.0190423207545162,0.0395170488702936));
#2365=CARTESIAN_POINT('',(-0.0295,-0.0190423207545162,0.0395170488702936));
#2366=CARTESIAN_POINT('',(-0.0295,-0.0190423207545162,0.0347733981075652));
#2367=CARTESIAN_POINT('',(-0.0295,-0.00992755724707468,0.0395170488702936));
#2368=CARTESIAN_POINT('',(-0.0295,-0.000812793739633161,0.0395170488702936));
#2369=CARTESIAN_POINT('',(-0.0295,-0.000812793739633161,0.0395170488702936));
#2370=CARTESIAN_POINT('',(-0.0295,-0.00992755724707468,0.0395170488702936));
#2371=CARTESIAN_POINT('',(-0.0295,-0.000812793739633161,0.0414211320734831));
#2372=CARTESIAN_POINT('',(-0.0295,-0.000812793739633161,0.0433252152766725));
#2373=CARTESIAN_POINT('',(-0.0295,-0.000812793739633161,0.0433252152766725));
#2374=CARTESIAN_POINT('',(-0.0295,-0.000812793739633161,0.0414211320734831));
#2375=CARTESIAN_POINT('',(-0.0295,0.000193058909008207,0.0496335257150652));
#2376=CARTESIAN_POINT('',(-0.03,0.000193058909008207,0.0496335257150652));
#2377=CARTESIAN_POINT('',(-0.0295,-0.000477509523419372,0.0477625570023661));
#2378=CARTESIAN_POINT('',(-0.03,-0.000477509523419371,0.0477625570023661));
#2379=CARTESIAN_POINT('',(-0.0295,-0.000812793739633161,0.0456597868562352));
#2380=CARTESIAN_POINT('',(-0.03,-0.000812793739633161,0.0456597868562352));
#2381=CARTESIAN_POINT('',(-0.0295,-0.000812793739633161,0.0433252152766725));
#2382=CARTESIAN_POINT('',(-0.03,-0.000812793739633161,0.0433252152766725));
#2383=CARTESIAN_POINT('',(-0.0295,0.000193058909008207,0.0496335257150652));
#2384=CARTESIAN_POINT('',(-0.0295,0.000193058909008207,0.0496335257150652));
#2385=CARTESIAN_POINT('',(-0.0295,0.000193058909008207,0.0496335257150652));
#2386=CARTESIAN_POINT('',(-0.0295,-0.000812793739633161,0.0468270726460165));
#2387=CARTESIAN_POINT('',(-0.0295,-0.000812793739633161,0.0433252152766725));
#2388=CARTESIAN_POINT('',(-0.0295,0.00381909561769066,0.0540832853746927));
#2389=CARTESIAN_POINT('',(-0.03,0.00381909561769066,0.0540832853746927));
#2390=CARTESIAN_POINT('',(-0.0295,0.00207230624432994,0.0529877476476402));
#2391=CARTESIAN_POINT('',(-0.03,0.00207230624432994,0.0529877476476402));
#2392=CARTESIAN_POINT('',(-0.0295,0.000863627341435783,0.0515044944277644));
#2393=CARTESIAN_POINT('',(-0.03,0.000863627341435784,0.0515044944277644));
#2394=CARTESIAN_POINT('',(-0.0295,0.000193058909008207,0.0496335257150652));
#2395=CARTESIAN_POINT('',(-0.03,0.000193058909008207,0.0496335257150652));
#2396=CARTESIAN_POINT('',(-0.0295,0.00381909561769066,0.0540832853746927));
#2397=CARTESIAN_POINT('',(-0.0295,0.00381909561769066,0.0540832853746927));
#2398=CARTESIAN_POINT('',(-0.0295,0.00381909561769066,0.0540832853746927));
#2399=CARTESIAN_POINT('',(-0.0295,0.00119891155764957,0.052439978784114));
#2400=CARTESIAN_POINT('',(-0.0295,0.000193058909008207,0.0496335257150652));
#2401=CARTESIAN_POINT('',(-0.0295,0.0114230104965145,0.0557265919652714));
#2402=CARTESIAN_POINT('',(-0.03,0.0114230104965145,0.0557265919652714));
#2403=CARTESIAN_POINT('',(-0.0295,0.00810052328399267,0.0557265919652714));
#2404=CARTESIAN_POINT('',(-0.03,0.00810052328399267,0.0557265919652714));
#2405=CARTESIAN_POINT('',(-0.0295,0.00556588499105139,0.0551788231017452));
#2406=CARTESIAN_POINT('',(-0.03,0.00556588499105139,0.0551788231017452));
#2407=CARTESIAN_POINT('',(-0.0295,0.00381909561769066,0.0540832853746927));
#2408=CARTESIAN_POINT('',(-0.03,0.00381909561769066,0.0540832853746927));
#2409=CARTESIAN_POINT('',(-0.0295,0.0114230104965145,0.0557265919652714));
#2410=CARTESIAN_POINT('',(-0.0295,0.0114230104965145,0.0557265919652714));
#2411=CARTESIAN_POINT('',(-0.0295,0.0114230104965145,0.0557265919652714));
#2412=CARTESIAN_POINT('',(-0.0295,0.00643927967773175,0.0557265919652714));
#2413=CARTESIAN_POINT('',(-0.0295,0.00381909561769066,0.0540832853746927));
#2414=CARTESIAN_POINT('',(-0.0295,0.0181783665565256,0.0545096344397546));
#2415=CARTESIAN_POINT('',(-0.03,0.0181783665565256,0.0545096344397546));
#2416=CARTESIAN_POINT('',(-0.0295,0.0163239550890716,0.0553209394567658));
#2417=CARTESIAN_POINT('',(-0.03,0.0163239550890716,0.0553209394567658));
#2418=CARTESIAN_POINT('',(-0.0295,0.0140721697357346,0.0557265919652714));
#2419=CARTESIAN_POINT('',(-0.03,0.0140721697357346,0.0557265919652714));
#2420=CARTESIAN_POINT('',(-0.0295,0.0114230104965145,0.0557265919652714));
#2421=CARTESIAN_POINT('',(-0.03,0.0114230104965145,0.0557265919652714));
#2422=CARTESIAN_POINT('',(-0.0295,0.0181783665565256,0.0545096344397546));
#2423=CARTESIAN_POINT('',(-0.0295,0.0181783665565256,0.0545096344397546));
#2424=CARTESIAN_POINT('',(-0.0295,0.0181783665565256,0.0545096344397546));
#2425=CARTESIAN_POINT('',(-0.0295,0.0153967493553446,0.0557265919652714));
#2426=CARTESIAN_POINT('',(-0.0295,0.0114230104965145,0.0557265919652714));
#2427=CARTESIAN_POINT('',(-0.0295,0.0224170213392778,0.0508008115048466));
#2428=CARTESIAN_POINT('',(-0.03,0.0224170213392778,0.0508008115048466));
#2429=CARTESIAN_POINT('',(-0.0295,0.0214456629515637,0.0524620551111075));
#2430=CARTESIAN_POINT('',(-0.03,0.0214456629515637,0.0524620551111075));
#2431=CARTESIAN_POINT('',(-0.0295,0.0200327780239797,0.0536983294227435));
#2432=CARTESIAN_POINT('',(-0.03,0.0200327780239797,0.0536983294227435));
#2433=CARTESIAN_POINT('',(-0.0295,0.0181783665565256,0.0545096344397546));
#2434=CARTESIAN_POINT('',(-0.03,0.0181783665565256,0.0545096344397546));
#2435=CARTESIAN_POINT('',(-0.0295,0.0224170213392778,0.0508008115048466));
#2436=CARTESIAN_POINT('',(-0.0295,0.0224170213392778,0.0508008115048466));
#2437=CARTESIAN_POINT('',(-0.0295,0.0224170213392778,0.0508008115048466));
#2438=CARTESIAN_POINT('',(-0.0295,0.0209599837577067,0.0532926769142379));
#2439=CARTESIAN_POINT('',(-0.0295,0.0181783665565256,0.0545096344397546));
#2440=CARTESIAN_POINT('',(-0.0295,0.0238740589208488,0.0444428293307184));
#2441=CARTESIAN_POINT('',(-0.03,0.0238740589208488,0.0444428293307184));
#2442=CARTESIAN_POINT('',(-0.0295,0.0238740589208488,0.0470202405072096));
#2443=CARTESIAN_POINT('',(-0.03,0.0238740589208488,0.0470202405072096));
#2444=CARTESIAN_POINT('',(-0.0295,0.0233883797269918,0.0491395678985857));
#2445=CARTESIAN_POINT('',(-0.03,0.0233883797269918,0.0491395678985857));
#2446=CARTESIAN_POINT('',(-0.0295,0.0224170213392778,0.0508008115048466));
#2447=CARTESIAN_POINT('',(-0.03,0.0224170213392778,0.0508008115048466));
#2448=CARTESIAN_POINT('',(-0.0295,0.0238740589208488,0.0444428293307184));
#2449=CARTESIAN_POINT('',(-0.0295,0.0238740589208488,0.0444428293307184));
#2450=CARTESIAN_POINT('',(-0.0295,0.0238740589208488,0.0444428293307184));
#2451=CARTESIAN_POINT('',(-0.0295,0.0238740589208488,0.0483089460954552));
#2452=CARTESIAN_POINT('',(-0.0295,0.0224170213392778,0.0508008115048466));
#2453=CARTESIAN_POINT('',(-0.0295,0.0238740589208488,0.0372362883377776));
#2454=CARTESIAN_POINT('',(-0.0295,0.0238740589208488,0.0372362883377776));
#2455=CARTESIAN_POINT('',(-0.0295,0.00581010435841699,0.0426960399573577));
#2456=CARTESIAN_POINT('',(-0.03,0.00581010435841699,0.0426960399573577));
#2457=CARTESIAN_POINT('',(-0.0295,0.00581010435841699,0.0438605662062648));
#2458=CARTESIAN_POINT('',(-0.03,0.00581010435841699,0.0438605662062648));
#2459=CARTESIAN_POINT('',(-0.0295,0.00602120923529234,0.0447422395155678));
#2460=CARTESIAN_POINT('',(-0.03,0.00602120923529234,0.0447422395155678));
#2461=CARTESIAN_POINT('',(-0.0295,0.00644341898904304,0.0453410598852665));
#2462=CARTESIAN_POINT('',(-0.03,0.00644341898904304,0.0453410598852665));
#2463=CARTESIAN_POINT('',(-0.03,0.00581010435841699,0.0426960399573577));
#2464=CARTESIAN_POINT('',(-0.03,0.00581010435841699,0.0444428293307184));
#2465=CARTESIAN_POINT('',(-0.03,0.00644341898904304,0.0453410598852665));
#2466=CARTESIAN_POINT('',(-0.0295,0.00581010435841699,0.0426960399573577));
#2467=CARTESIAN_POINT('',(-0.0295,0.00581010435841699,0.0444428293307184));
#2468=CARTESIAN_POINT('',(-0.0295,0.00644341898904304,0.0453410598852665));
#2469=CARTESIAN_POINT('',(-0.0295,-1.3562383539455E-18,0.065));
#2470=CARTESIAN_POINT('',(-0.03,0.,0.13));
#2471=CARTESIAN_POINT('',(-0.03,0.,0.13));
#2472=CARTESIAN_POINT('',(0.00244612060487271,0.045715,0.0433333333333333));
#2473=CARTESIAN_POINT('',(0.00244612060487271,0.045715,0.0433333333333333));
#2474=MECHANICAL_DESIGN_GEOMETRIC_PRESENTATION_REPRESENTATION('',(#1427),
#2475);
#2475=(
GEOMETRIC_REPRESENTATION_CONTEXT(3)
GLOBAL_UNCERTAINTY_ASSIGNED_CONTEXT((#2476))
GLOBAL_UNIT_ASSIGNED_CONTEXT((#2479,#2478,#2477))
REPRESENTATION_CONTEXT('Part 1','TOP_LEVEL_ASSEMBLY_PART')
);
#2476=UNCERTAINTY_MEASURE_WITH_UNIT(LENGTH_MEASURE(2.E-5),#2479,
'DISTANCE_ACCURACY_VALUE','Maximum Tolerance applied to model');
#2477=(
NAMED_UNIT(*)
SI_UNIT($,.STERADIAN.)
SOLID_ANGLE_UNIT()
);
#2478=(
NAMED_UNIT(*)
PLANE_ANGLE_UNIT()
SI_UNIT($,.RADIAN.)
);
#2479=(
LENGTH_UNIT()
NAMED_UNIT(*)
SI_UNIT($,.METRE.)
);
#2480=PRODUCT_DEFINITION_SHAPE('','',#2481);
#2481=PRODUCT_DEFINITION('','',#2483,#2482);
#2482=PRODUCT_DEFINITION_CONTEXT('',#2489,'design');
#2483=PRODUCT_DEFINITION_FORMATION_WITH_SPECIFIED_SOURCE('','',#2485,
 .NOT_KNOWN.);
#2484=PRODUCT_RELATED_PRODUCT_CATEGORY('','',(#2485));
#2485=PRODUCT('Part 1','Part 1','Part 1',(#2487));
#2486=PRODUCT_CATEGORY('','');
#2487=PRODUCT_CONTEXT('',#2489,'mechanical');
#2488=APPLICATION_PROTOCOL_DEFINITION('international standard',
'ap242_managed_model_based_3d_engineering',2020,#2489);
#2489=APPLICATION_CONTEXT('managed model based 3d engineering');
ENDSEC;
END-ISO-10303-21;
